Ulke,UlkeKodu,Bolge,Yil,Gosterge,Deger
Kyrgyzstan,KGZ,Europe,2023,Hekim Yogunlugu,15.68
Mexico,MEX,Americas,2023,Hekim Yogunlugu,27.52
Qatar,QAT,Eastern Mediterranean,2019,Hekim Yogunlugu,27.32
Rwanda,RWA,Africa,2019,Hekim Yogunlugu,1.17
Botswana,BWA,Africa,2021,Hekim Yogunlugu,4.22
Slovakia,SVK,Europe,2020,Hekim Yogunlugu,36.71
Costa Rica,CRI,Americas,2020,Hekim Yogunlugu,24.94
Indonesia,IDN,Western Pacific,2023,Hekim Yogunlugu,5.24
Brunei Darussalam,BRN,Western Pacific,2020,Hekim Yogunlugu,21.19
Austria,AUT,Europe,2021,Hekim Yogunlugu,54.02
Portugal,PRT,Europe,2019,Hekim Yogunlugu,54.22
Estonia,EST,Europe,2019,Hekim Yogunlugu,34.69
Netherlands (Kingdom of the),NLD,Europe,2022,Hekim Yogunlugu,38.96
Uzbekistan,UZB,Europe,2022,Hekim Yogunlugu,24.03
Sao Tome and Principe,STP,Africa,2022,Hekim Yogunlugu,4.64
Kyrgyzstan,KGZ,Europe,2021,Hekim Yogunlugu,16.51
New Zealand,NZL,Western Pacific,2020,Hekim Yogunlugu,34.42
Finland,FIN,Europe,2021,Hekim Yogunlugu,28.55
Viet Nam,VNM,Western Pacific,2021,Hekim Yogunlugu,11.07
Cabo Verde,CPV,Africa,2020,Hekim Yogunlugu,7.25
Georgia,GEO,Europe,2023,Hekim Yogunlugu,56.42
Barbados,BRB,Americas,2021,Hekim Yogunlugu,28.22
Democratic People's Republic of Korea,PRK,South-East Asia,2019,Hekim Yogunlugu,36.33
Poland,POL,Europe,2021,Hekim Yogunlugu,34.15
United States of America,USA,Americas,2021,Hekim Yogunlugu,26.04
Montenegro,MNE,Europe,2022,Hekim Yogunlugu,28.08
Bulgaria,BGR,Europe,2021,Hekim Yogunlugu,42.96
El Salvador,SLV,Americas,2021,Hekim Yogunlugu,14.87
Zambia,ZMB,Africa,2021,Hekim Yogunlugu,2.95
Guinea-Bissau,GNB,Africa,2023,Hekim Yogunlugu,1.43
Suriname,SUR,Americas,2023,Hekim Yogunlugu,13.55
Trinidad and Tobago,TTO,Americas,2019,Hekim Yogunlugu,42.05
Andorra,AND,Europe,2021,Hekim Yogunlugu,47.58
Yemen,YEM,Eastern Mediterranean,2020,Hekim Yogunlugu,1.76
Republic of Korea,KOR,Western Pacific,2019,Hekim Yogunlugu,24.58
Tuvalu,TUV,Western Pacific,2020,Hekim Yogunlugu,13.46
Peru,PER,Americas,2023,Hekim Yogunlugu,16.88
Gabon,GAB,Africa,2020,Hekim Yogunlugu,5.86
Cuba,CUB,Americas,2021,Hekim Yogunlugu,95.42
Hungary,HUN,Europe,2023,Hekim Yogunlugu,35.87
Iraq,IRQ,Eastern Mediterranean,2023,Hekim Yogunlugu,10.64
Belgium,BEL,Europe,2019,Hekim Yogunlugu,31.63
Equatorial Guinea,GNQ,Africa,2022,Hekim Yogunlugu,1.53
Tonga,TON,Western Pacific,2019,Hekim Yogunlugu,10.12
Latvia,LVA,Europe,2021,Hekim Yogunlugu,33.56
Sri Lanka,LKA,South-East Asia,2020,Hekim Yogunlugu,11.67
Finland,FIN,Europe,2023,Hekim Yogunlugu,28.75
Angola,AGO,Africa,2022,Hekim Yogunlugu,2.44
Spain,ESP,Europe,2020,Hekim Yogunlugu,45.36
Greece,GRC,Europe,2022,Hekim Yogunlugu,65.76
Mongolia,MNG,Western Pacific,2019,Hekim Yogunlugu,36.47
Paraguay,PRY,Americas,2022,Hekim Yogunlugu,38.93
United Arab Emirates,ARE,Eastern Mediterranean,2020,Hekim Yogunlugu,28.3
Germany,DEU,Europe,2019,Hekim Yogunlugu,43.69
Sri Lanka,LKA,South-East Asia,2023,Hekim Yogunlugu,11.36
Mozambique,MOZ,Africa,2019,Hekim Yogunlugu,0.86
Czechia,CZE,Europe,2023,Hekim Yogunlugu,42.39
Azerbaijan,AZE,Europe,2021,Hekim Yogunlugu,31.23
Netherlands (Kingdom of the),NLD,Europe,2023,Hekim Yogunlugu,38.68
Palau,PLW,Western Pacific,2023,Hekim Yogunlugu,18.08
Chile,CHL,Americas,2020,Hekim Yogunlugu,27.98
South Africa,ZAF,Africa,2023,Hekim Yogunlugu,8.16
Albania,ALB,Europe,2019,Hekim Yogunlugu,16.45
Colombia,COL,Americas,2020,Hekim Yogunlugu,22.97
Costa Rica,CRI,Americas,2019,Hekim Yogunlugu,23.76
Canada,CAN,Americas,2020,Hekim Yogunlugu,24.15
Niger,NER,Africa,2019,Hekim Yogunlugu,0.39
Colombia,COL,Americas,2019,Hekim Yogunlugu,22.15
Malawi,MWI,Africa,2022,Hekim Yogunlugu,0.54
Iraq,IRQ,Eastern Mediterranean,2019,Hekim Yogunlugu,8.81
Uruguay,URY,Americas,2022,Hekim Yogunlugu,46.74
Canada,CAN,Americas,2023,Hekim Yogunlugu,28.19
Brunei Darussalam,BRN,Western Pacific,2023,Hekim Yogunlugu,20.94
Switzerland,CHE,Europe,2021,Hekim Yogunlugu,44.35
Turkmenistan,TKM,Europe,2022,Hekim Yogunlugu,19.16
Latvia,LVA,Europe,2020,Hekim Yogunlugu,33.38
United Republic of Tanzania,TZA,Africa,2022,Hekim Yogunlugu,1.34
Ethiopia,ETH,Africa,2020,Hekim Yogunlugu,1.02
Saudi Arabia,SAU,Eastern Mediterranean,2020,Hekim Yogunlugu,30.76
Russian Federation,RUS,Europe,2022,Hekim Yogunlugu,51.11
Namibia,NAM,Africa,2023,Hekim Yogunlugu,6.44
Tajikistan,TJK,Europe,2023,Hekim Yogunlugu,18.7
Cote d'Ivoire,CIV,Africa,2023,Hekim Yogunlugu,1.66
Israel,ISR,Europe,2021,Hekim Yogunlugu,36.36
Uzbekistan,UZB,Europe,2021,Hekim Yogunlugu,22.26
United Kingdom of Great Britain and Northern Ireland,GBR,Europe,2022,Hekim Yogunlugu,32.31
Gambia,GMB,Africa,2019,Hekim Yogunlugu,0.77
Greece,GRC,Europe,2021,Hekim Yogunlugu,63.66
Ethiopia,ETH,Africa,2021,Hekim Yogunlugu,1.0
San Marino,SMR,Europe,2023,Hekim Yogunlugu,46.29
Tunisia,TUN,Eastern Mediterranean,2020,Hekim Yogunlugu,13.15
Ireland,IRL,Europe,2019,Hekim Yogunlugu,33.17
Bhutan,BTN,South-East Asia,2022,Hekim Yogunlugu,5.53
China,CHN,Western Pacific,2020,Hekim Yogunlugu,23.85
Peru,PER,Americas,2020,Hekim Yogunlugu,14.36
Bulgaria,BGR,Europe,2020,Hekim Yogunlugu,42.77
Central African Republic,CAF,Africa,2021,Hekim Yogunlugu,0.87
Saudi Arabia,SAU,Eastern Mediterranean,2019,Hekim Yogunlugu,30.96
Chad,TCD,Africa,2020,Hekim Yogunlugu,0.58
Eritrea,ERI,Africa,2020,Hekim Yogunlugu,0.88
Central African Republic,CAF,Africa,2023,Hekim Yogunlugu,0.74
Argentina,ARG,Americas,2020,Hekim Yogunlugu,52.85
Republic of Korea,KOR,Western Pacific,2023,Hekim Yogunlugu,26.63
Eritrea,ERI,Africa,2022,Hekim Yogunlugu,0.88
Switzerland,CHE,Europe,2023,Hekim Yogunlugu,45.59
Monaco,MCO,Europe,2019,Hekim Yogunlugu,86.09
Papua New Guinea,PNG,Western Pacific,2023,Hekim Yogunlugu,0.61
Bangladesh,BGD,South-East Asia,2023,Hekim Yogunlugu,7.22
United States of America,USA,Americas,2020,Hekim Yogunlugu,25.71
Tajikistan,TJK,Europe,2020,Hekim Yogunlugu,19.95
Paraguay,PRY,Americas,2020,Hekim Yogunlugu,12.96
Morocco,MAR,Eastern Mediterranean,2023,Hekim Yogunlugu,7.93
Tonga,TON,Western Pacific,2021,Hekim Yogunlugu,10.14
Papua New Guinea,PNG,Western Pacific,2019,Hekim Yogunlugu,0.6
Mongolia,MNG,Western Pacific,2023,Hekim Yogunlugu,43.64
Israel,ISR,Europe,2022,Hekim Yogunlugu,36.87
Bangladesh,BGD,South-East Asia,2021,Hekim Yogunlugu,6.77
Chile,CHL,Americas,2022,Hekim Yogunlugu,31.78
San Marino,SMR,Europe,2022,Hekim Yogunlugu,46.63
Kuwait,KWT,Eastern Mediterranean,2020,Hekim Yogunlugu,31.28
Slovakia,SVK,Europe,2023,Hekim Yogunlugu,37.61
Brunei Darussalam,BRN,Western Pacific,2021,Hekim Yogunlugu,22.98
Cuba,CUB,Americas,2022,Hekim Yogunlugu,85.05
China,CHN,Western Pacific,2019,Hekim Yogunlugu,22.55
Azerbaijan,AZE,Europe,2022,Hekim Yogunlugu,31.85
Norway,NOR,Europe,2019,Hekim Yogunlugu,45.78
Bulgaria,BGR,Europe,2022,Hekim Yogunlugu,43.27
Palau,PLW,Western Pacific,2022,Hekim Yogunlugu,24.72
Comoros,COM,Africa,2022,Hekim Yogunlugu,4.24
Namibia,NAM,Africa,2022,Hekim Yogunlugu,5.53
Romania,ROU,Europe,2022,Hekim Yogunlugu,36.25
Sierra Leone,SLE,Africa,2022,Hekim Yogunlugu,1.34
Australia,AUS,Western Pacific,2023,Hekim Yogunlugu,42.28
Congo,COG,Africa,2022,Hekim Yogunlugu,1.73
Republic of Moldova,MDA,Europe,2023,Hekim Yogunlugu,39.25
Democratic Republic of the Congo,COD,Africa,2021,Hekim Yogunlugu,1.71
Zambia,ZMB,Africa,2022,Hekim Yogunlugu,3.24
Lebanon,LBN,Eastern Mediterranean,2020,Hekim Yogunlugu,26.8
Nigeria,NGA,Africa,2021,Hekim Yogunlugu,3.86
Saint Vincent and the Grenadines,VCT,Americas,2021,Hekim Yogunlugu,13.72
Oman,OMN,Eastern Mediterranean,2022,Hekim Yogunlugu,19.92
Eswatini,SWZ,Africa,2023,Hekim Yogunlugu,5.57
Cabo Verde,CPV,Africa,2023,Hekim Yogunlugu,7.3
Myanmar,MMR,South-East Asia,2019,Hekim Yogunlugu,7.57
Romania,ROU,Europe,2020,Hekim Yogunlugu,33.07
Georgia,GEO,Europe,2021,Hekim Yogunlugu,52.87
Burundi,BDI,Africa,2022,Hekim Yogunlugu,0.78
Singapore,SGP,Western Pacific,2020,Hekim Yogunlugu,24.95
Hungary,HUN,Europe,2019,Hekim Yogunlugu,34.94
Nepal,NPL,South-East Asia,2020,Hekim Yogunlugu,8.57
Malta,MLT,Europe,2020,Hekim Yogunlugu,41.64
Syrian Arab Republic,SYR,Eastern Mediterranean,2022,Hekim Yogunlugu,16.27
Mozambique,MOZ,Africa,2021,Hekim Yogunlugu,0.82
Mauritius,MUS,Africa,2023,Hekim Yogunlugu,30.15
Serbia,SRB,Europe,2021,Hekim Yogunlugu,30.29
Trinidad and Tobago,TTO,Americas,2020,Hekim Yogunlugu,42.98
Eswatini,SWZ,Africa,2020,Hekim Yogunlugu,1.38
United Arab Emirates,ARE,Eastern Mediterranean,2019,Hekim Yogunlugu,27.1
Senegal,SEN,Africa,2019,Hekim Yogunlugu,0.88
Mongolia,MNG,Western Pacific,2021,Hekim Yogunlugu,38.84
Ecuador,ECU,Americas,2020,Hekim Yogunlugu,23.13
Singapore,SGP,Western Pacific,2022,Hekim Yogunlugu,26.25
Gabon,GAB,Africa,2019,Hekim Yogunlugu,6.03
Bhutan,BTN,South-East Asia,2019,Hekim Yogunlugu,3.36
Palau,PLW,Western Pacific,2020,Hekim Yogunlugu,17.98
New Zealand,NZL,Western Pacific,2019,Hekim Yogunlugu,33.7
Denmark,DNK,Europe,2022,Hekim Yogunlugu,44.8
Hungary,HUN,Europe,2021,Hekim Yogunlugu,32.99
Russian Federation,RUS,Europe,2020,Hekim Yogunlugu,38.07
Chile,CHL,Americas,2019,Hekim Yogunlugu,26.27
Yemen,YEM,Eastern Mediterranean,2022,Hekim Yogunlugu,1.65
Benin,BEN,Africa,2019,Hekim Yogunlugu,0.85
Liberia,LBR,Africa,2021,Hekim Yogunlugu,1.69
Cyprus,CYP,Europe,2023,Hekim Yogunlugu,38.06
Burkina Faso,BFA,Africa,2020,Hekim Yogunlugu,0.96
Georgia,GEO,Europe,2022,Hekim Yogunlugu,55.38
Dominican Republic,DOM,Americas,2023,Hekim Yogunlugu,24.26
Papua New Guinea,PNG,Western Pacific,2020,Hekim Yogunlugu,0.66
Iceland,ISL,Europe,2020,Hekim Yogunlugu,43.18
Panama,PAN,Americas,2021,Hekim Yogunlugu,17.37
Estonia,EST,Europe,2021,Hekim Yogunlugu,34.3
United Kingdom of Great Britain and Northern Ireland,GBR,Europe,2020,Hekim Yogunlugu,30.28
Russian Federation,RUS,Europe,2021,Hekim Yogunlugu,50.87
El Salvador,SLV,Americas,2022,Hekim Yogunlugu,15.66
Malawi,MWI,Africa,2020,Hekim Yogunlugu,0.49
Croatia,HRV,Europe,2021,Hekim Yogunlugu,37.34
Bulgaria,BGR,Europe,2023,Hekim Yogunlugu,43.92
Philippines,PHL,Western Pacific,2020,Hekim Yogunlugu,7.52
Oman,OMN,Eastern Mediterranean,2021,Hekim Yogunlugu,20.06
Mongolia,MNG,Western Pacific,2020,Hekim Yogunlugu,37.78
Uzbekistan,UZB,Europe,2019,Hekim Yogunlugu,23.22
South Africa,ZAF,Africa,2021,Hekim Yogunlugu,7.81
Suriname,SUR,Americas,2021,Hekim Yogunlugu,14.66
Mexico,MEX,Americas,2020,Hekim Yogunlugu,24.25
Panama,PAN,Americas,2019,Hekim Yogunlugu,16.37
Jordan,JOR,Eastern Mediterranean,2022,Hekim Yogunlugu,28.51
Lao People's Democratic Republic,LAO,Western Pacific,2020,Hekim Yogunlugu,3.56
Zimbabwe,ZWE,Africa,2022,Hekim Yogunlugu,1.72
Latvia,LVA,Europe,2022,Hekim Yogunlugu,33.98
Lebanon,LBN,Eastern Mediterranean,2019,Hekim Yogunlugu,26.11
France,FRA,Europe,2023,Hekim Yogunlugu,40.09
Germany,DEU,Europe,2022,Hekim Yogunlugu,45.34
New Zealand,NZL,Western Pacific,2022,Hekim Yogunlugu,36.11
Mauritania,MRT,Africa,2022,Hekim Yogunlugu,2.61
Republic of Moldova,MDA,Europe,2020,Hekim Yogunlugu,38.71
Belgium,BEL,Europe,2023,Hekim Yogunlugu,33.91
Singapore,SGP,Western Pacific,2021,Hekim Yogunlugu,26.04
Burundi,BDI,Africa,2020,Hekim Yogunlugu,0.69
Dominican Republic,DOM,Americas,2022,Hekim Yogunlugu,22.34
Serbia,SRB,Europe,2020,Hekim Yogunlugu,28.75
Fiji,FJI,Western Pacific,2023,Hekim Yogunlugu,7.54
Azerbaijan,AZE,Europe,2020,Hekim Yogunlugu,31.25
Germany,DEU,Europe,2021,Hekim Yogunlugu,45.03
Saint Vincent and the Grenadines,VCT,Americas,2020,Hekim Yogunlugu,12.75
Peru,PER,Americas,2021,Hekim Yogunlugu,16.73
Turkmenistan,TKM,Europe,2019,Hekim Yogunlugu,19.57
Slovenia,SVN,Europe,2022,Hekim Yogunlugu,33.65
Bolivia (Plurinational State of),BOL,Americas,2021,Hekim Yogunlugu,12.84
Guinea-Bissau,GNB,Africa,2021,Hekim Yogunlugu,2.2
Benin,BEN,Africa,2021,Hekim Yogunlugu,2.05
Zambia,ZMB,Africa,2019,Hekim Yogunlugu,2.37
Samoa,WSM,Western Pacific,2021,Hekim Yogunlugu,5.61
Palau,PLW,Western Pacific,2021,Hekim Yogunlugu,28.09
Singapore,SGP,Western Pacific,2023,Hekim Yogunlugu,26.7
Belarus,BLR,Europe,2023,Hekim Yogunlugu,47.29
Armenia,ARM,Europe,2019,Hekim Yogunlugu,30.28
Chad,TCD,Africa,2019,Hekim Yogunlugu,0.52
Qatar,QAT,Eastern Mediterranean,2023,Hekim Yogunlugu,30.22
Turkmenistan,TKM,Europe,2023,Hekim Yogunlugu,19.34
Cabo Verde,CPV,Africa,2019,Hekim Yogunlugu,7.43
Morocco,MAR,Eastern Mediterranean,2019,Hekim Yogunlugu,6.89
Guinea,GIN,Africa,2022,Hekim Yogunlugu,2.1
Afghanistan,AFG,Eastern Mediterranean,2023,Hekim Yogunlugu,3.17
Israel,ISR,Europe,2019,Hekim Yogunlugu,35.21
Belarus,BLR,Europe,2019,Hekim Yogunlugu,45.46
Cook Islands,COK,Western Pacific,2019,Hekim Yogunlugu,14.29
Mexico,MEX,Americas,2019,Hekim Yogunlugu,24.6
Saudi Arabia,SAU,Eastern Mediterranean,2023,Hekim Yogunlugu,34.06
Lao People's Democratic Republic,LAO,Western Pacific,2019,Hekim Yogunlugu,3.63
Netherlands (Kingdom of the),NLD,Europe,2020,Hekim Yogunlugu,38.05
Jordan,JOR,Eastern Mediterranean,2021,Hekim Yogunlugu,27.76
Italy,ITA,Europe,2021,Hekim Yogunlugu,52.4
Barbados,BRB,Americas,2023,Hekim Yogunlugu,23.98
Cabo Verde,CPV,Africa,2021,Hekim Yogunlugu,7.32
Eritrea,ERI,Africa,2021,Hekim Yogunlugu,0.85
Togo,TGO,Africa,2021,Hekim Yogunlugu,0.57
Bahrain,BHR,Eastern Mediterranean,2020,Hekim Yogunlugu,7.41
Australia,AUS,Western Pacific,2022,Hekim Yogunlugu,40.86
Dominican Republic,DOM,Americas,2020,Hekim Yogunlugu,19.48
Czechia,CZE,Europe,2019,Hekim Yogunlugu,41.12
Micronesia (Federated States of),FSM,Western Pacific,2020,Hekim Yogunlugu,9.74
Greece,GRC,Europe,2023,Hekim Yogunlugu,67.12
Gambia,GMB,Africa,2021,Hekim Yogunlugu,1.04
Slovenia,SVN,Europe,2023,Hekim Yogunlugu,35.07
Eswatini,SWZ,Africa,2022,Hekim Yogunlugu,5.61
Iceland,ISL,Europe,2022,Hekim Yogunlugu,44.06
Thailand,THA,South-East Asia,2020,Hekim Yogunlugu,5.09
Estonia,EST,Europe,2023,Hekim Yogunlugu,34.9
Saudi Arabia,SAU,Eastern Mediterranean,2021,Hekim Yogunlugu,32.0
Australia,AUS,Western Pacific,2020,Hekim Yogunlugu,38.95
Saint Lucia,LCA,Americas,2019,Hekim Yogunlugu,61.68
Cameroon,CMR,Africa,2022,Hekim Yogunlugu,1.36
Thailand,THA,South-East Asia,2023,Hekim Yogunlugu,5.91
Poland,POL,Europe,2022,Hekim Yogunlugu,34.24
Cuba,CUB,Americas,2019,Hekim Yogunlugu,86.77
Albania,ALB,Europe,2020,Hekim Yogunlugu,18.79
Nepal,NPL,South-East Asia,2021,Hekim Yogunlugu,8.84
Finland,FIN,Europe,2022,Hekim Yogunlugu,28.66
Mauritania,MRT,Africa,2021,Hekim Yogunlugu,2.19
Samoa,WSM,Western Pacific,2020,Hekim Yogunlugu,5.62
Guyana,GUY,Americas,2020,Hekim Yogunlugu,13.87
China,CHN,Western Pacific,2021,Hekim Yogunlugu,25.17
Malaysia,MYS,Western Pacific,2021,Hekim Yogunlugu,22.68
Tunisia,TUN,Eastern Mediterranean,2023,Hekim Yogunlugu,12.38
Colombia,COL,Americas,2021,Hekim Yogunlugu,23.78
Paraguay,PRY,Americas,2021,Hekim Yogunlugu,32.52
Nepal,NPL,South-East Asia,2019,Hekim Yogunlugu,8.15
India,IND,South-East Asia,2021,Hekim Yogunlugu,9.2
North Macedonia,MKD,Europe,2020,Hekim Yogunlugu,33.43
Armenia,ARM,Europe,2020,Hekim Yogunlugu,31.63
Rwanda,RWA,Africa,2022,Hekim Yogunlugu,0.9
South Africa,ZAF,Africa,2019,Hekim Yogunlugu,7.79
Kyrgyzstan,KGZ,Europe,2019,Hekim Yogunlugu,17.59
Iraq,IRQ,Eastern Mediterranean,2021,Hekim Yogunlugu,9.83
Kiribati,KIR,Western Pacific,2023,Hekim Yogunlugu,4.68
Cambodia,KHM,Western Pacific,2019,Hekim Yogunlugu,2.11
Jordan,JOR,Eastern Mediterranean,2023,Hekim Yogunlugu,29.57
Panama,PAN,Americas,2022,Hekim Yogunlugu,16.25
Uganda,UGA,Africa,2022,Hekim Yogunlugu,1.91
Netherlands (Kingdom of the),NLD,Europe,2021,Hekim Yogunlugu,38.75
Andorra,AND,Europe,2022,Hekim Yogunlugu,51.57
Republic of Moldova,MDA,Europe,2019,Hekim Yogunlugu,38.32
Malaysia,MYS,Western Pacific,2020,Hekim Yogunlugu,21.83
Indonesia,IDN,Western Pacific,2022,Hekim Yogunlugu,6.81
Suriname,SUR,Americas,2019,Hekim Yogunlugu,9.18
Benin,BEN,Africa,2023,Hekim Yogunlugu,2.16
United Kingdom of Great Britain and Northern Ireland,GBR,Europe,2023,Hekim Yogunlugu,33.54
Nicaragua,NIC,Americas,2020,Hekim Yogunlugu,9.41
Brazil,BRA,Americas,2023,Hekim Yogunlugu,23.57
Micronesia (Federated States of),FSM,Western Pacific,2019,Hekim Yogunlugu,7.62
Colombia,COL,Americas,2023,Hekim Yogunlugu,25.37
Tonga,TON,Western Pacific,2020,Hekim Yogunlugu,9.46
Senegal,SEN,Africa,2020,Hekim Yogunlugu,0.82
Kyrgyzstan,KGZ,Europe,2020,Hekim Yogunlugu,16.92
Cabo Verde,CPV,Africa,2022,Hekim Yogunlugu,7.18
Botswana,BWA,Africa,2022,Hekim Yogunlugu,4.07
Romania,ROU,Europe,2021,Hekim Yogunlugu,34.86
Liberia,LBR,Africa,2022,Hekim Yogunlugu,1.78
Philippines,PHL,Western Pacific,2019,Hekim Yogunlugu,7.32
Türkiye,TUR,Europe,2023,Hekim Yogunlugu,23.4
Kazakhstan,KAZ,Europe,2022,Hekim Yogunlugu,37.19
Türkiye,TUR,Europe,2020,Hekim Yogunlugu,19.89
Slovenia,SVN,Europe,2021,Hekim Yogunlugu,33.35
Thailand,THA,South-East Asia,2021,Hekim Yogunlugu,5.41
Poland,POL,Europe,2020,Hekim Yogunlugu,33.03
Uruguay,URY,Americas,2021,Hekim Yogunlugu,45.48
Malawi,MWI,Africa,2023,Hekim Yogunlugu,0.83
El Salvador,SLV,Americas,2023,Hekim Yogunlugu,16.16
Burkina Faso,BFA,Africa,2022,Hekim Yogunlugu,1.48
Belarus,BLR,Europe,2022,Hekim Yogunlugu,46.41
Iceland,ISL,Europe,2023,Hekim Yogunlugu,44.76
Canada,CAN,Americas,2019,Hekim Yogunlugu,24.18
Malta,MLT,Europe,2019,Hekim Yogunlugu,40.26
Saint Lucia,LCA,Americas,2020,Hekim Yogunlugu,42.34
Niger,NER,Africa,2022,Hekim Yogunlugu,0.28
Poland,POL,Europe,2023,Hekim Yogunlugu,36.49
Lao People's Democratic Republic,LAO,Western Pacific,2021,Hekim Yogunlugu,3.25
Republic of Moldova,MDA,Europe,2021,Hekim Yogunlugu,38.86
Mauritius,MUS,Africa,2021,Hekim Yogunlugu,29.5
Turkmenistan,TKM,Europe,2021,Hekim Yogunlugu,19.17
Lithuania,LTU,Europe,2022,Hekim Yogunlugu,44.66
Benin,BEN,Africa,2022,Hekim Yogunlugu,2.05
Sierra Leone,SLE,Africa,2020,Hekim Yogunlugu,0.73
Syrian Arab Republic,SYR,Eastern Mediterranean,2021,Hekim Yogunlugu,15.21
Georgia,GEO,Europe,2020,Hekim Yogunlugu,51.21
Latvia,LVA,Europe,2019,Hekim Yogunlugu,32.67
Belgium,BEL,Europe,2022,Hekim Yogunlugu,32.74
Mali,MLI,Africa,2022,Hekim Yogunlugu,1.91
Afghanistan,AFG,Eastern Mediterranean,2019,Hekim Yogunlugu,2.14
Cote d'Ivoire,CIV,Africa,2019,Hekim Yogunlugu,1.49
Republic of Korea,KOR,Western Pacific,2022,Hekim Yogunlugu,26.1
Cyprus,CYP,Europe,2021,Hekim Yogunlugu,33.55
Andorra,AND,Europe,2019,Hekim Yogunlugu,43.92
Lesotho,LSO,Africa,2022,Hekim Yogunlugu,2.35
Sierra Leone,SLE,Africa,2019,Hekim Yogunlugu,0.33
Rwanda,RWA,Africa,2020,Hekim Yogunlugu,1.16
Mozambique,MOZ,Africa,2020,Hekim Yogunlugu,0.84
Denmark,DNK,Europe,2020,Hekim Yogunlugu,43.77
Sweden,SWE,Europe,2019,Hekim Yogunlugu,42.88
Malta,MLT,Europe,2021,Hekim Yogunlugu,42.94
Mauritius,MUS,Africa,2019,Hekim Yogunlugu,25.58
Senegal,SEN,Africa,2021,Hekim Yogunlugu,0.99
Peru,PER,Americas,2019,Hekim Yogunlugu,13.54
Germany,DEU,Europe,2023,Hekim Yogunlugu,45.93
Iceland,ISL,Europe,2019,Hekim Yogunlugu,38.92
Norway,NOR,Europe,2021,Hekim Yogunlugu,47.68
Uganda,UGA,Africa,2023,Hekim Yogunlugu,2.09
Mauritius,MUS,Africa,2022,Hekim Yogunlugu,29.78
Ethiopia,ETH,Africa,2023,Hekim Yogunlugu,1.43
Algeria,DZA,Africa,2020,Hekim Yogunlugu,19.01
Indonesia,IDN,Western Pacific,2021,Hekim Yogunlugu,6.88
Morocco,MAR,Eastern Mediterranean,2021,Hekim Yogunlugu,7.55
France,FRA,Europe,2022,Hekim Yogunlugu,39.35
Cameroon,CMR,Africa,2020,Hekim Yogunlugu,0.98
France,FRA,Europe,2020,Hekim Yogunlugu,38.37
Ukraine,UKR,Europe,2023,Hekim Yogunlugu,35.31
Comoros,COM,Africa,2020,Hekim Yogunlugu,4.41
Norway,NOR,Europe,2022,Hekim Yogunlugu,49.08
United Kingdom of Great Britain and Northern Ireland,GBR,Europe,2021,Hekim Yogunlugu,31.6
New Zealand,NZL,Western Pacific,2023,Hekim Yogunlugu,36.8
Mauritania,MRT,Africa,2019,Hekim Yogunlugu,2.01
Mexico,MEX,Americas,2022,Hekim Yogunlugu,25.88
Liberia,LBR,Africa,2019,Hekim Yogunlugu,1.45
Malta,MLT,Europe,2023,Hekim Yogunlugu,47.19
Costa Rica,CRI,Americas,2021,Hekim Yogunlugu,25.64
Malaysia,MYS,Western Pacific,2023,Hekim Yogunlugu,23.41
Montenegro,MNE,Europe,2023,Hekim Yogunlugu,27.84
Greece,GRC,Europe,2020,Hekim Yogunlugu,61.86
Portugal,PRT,Europe,2023,Hekim Yogunlugu,60.22
South Sudan,SSD,Africa,2022,Hekim Yogunlugu,0.41
Chile,CHL,Americas,2021,Hekim Yogunlugu,29.79
Thailand,THA,South-East Asia,2022,Hekim Yogunlugu,5.45
Kuwait,KWT,Eastern Mediterranean,2021,Hekim Yogunlugu,31.43
Republic of Korea,KOR,Western Pacific,2020,Hekim Yogunlugu,25.07
China,CHN,Western Pacific,2022,Hekim Yogunlugu,26.12
Chad,TCD,Africa,2022,Hekim Yogunlugu,0.82
Syrian Arab Republic,SYR,Eastern Mediterranean,2019,Hekim Yogunlugu,15.17
Tajikistan,TJK,Europe,2021,Hekim Yogunlugu,19.49
Bangladesh,BGD,South-East Asia,2020,Hekim Yogunlugu,6.61
Bangladesh,BGD,South-East Asia,2022,Hekim Yogunlugu,7.17
Kenya,KEN,Africa,2021,Hekim Yogunlugu,0.98
Oman,OMN,Eastern Mediterranean,2019,Hekim Yogunlugu,20.91
Mauritania,MRT,Africa,2020,Hekim Yogunlugu,2.03
Belize,BLZ,Americas,2021,Hekim Yogunlugu,13.36
New Zealand,NZL,Western Pacific,2021,Hekim Yogunlugu,35.31
India,IND,South-East Asia,2020,Hekim Yogunlugu,9.04
Nigeria,NGA,Africa,2023,Hekim Yogunlugu,3.8
Estonia,EST,Europe,2020,Hekim Yogunlugu,34.79
Japan,JPN,Western Pacific,2020,Hekim Yogunlugu,25.92
Nicaragua,NIC,Americas,2022,Hekim Yogunlugu,9.08
Ethiopia,ETH,Africa,2022,Hekim Yogunlugu,1.05
Timor-Leste,TLS,South-East Asia,2020,Hekim Yogunlugu,7.52
Malta,MLT,Europe,2022,Hekim Yogunlugu,45.13
Sao Tome and Principe,STP,Africa,2019,Hekim Yogunlugu,4.92
Denmark,DNK,Europe,2023,Hekim Yogunlugu,45.3
Seychelles,SYC,Africa,2019,Hekim Yogunlugu,18.69
Dominican Republic,DOM,Americas,2019,Hekim Yogunlugu,14.31
Republic of Moldova,MDA,Europe,2022,Hekim Yogunlugu,40.22
Czechia,CZE,Europe,2022,Hekim Yogunlugu,42.21
Argentina,ARG,Americas,2022,Hekim Yogunlugu,54.16
Trinidad and Tobago,TTO,Americas,2021,Hekim Yogunlugu,41.57
Malaysia,MYS,Western Pacific,2019,Hekim Yogunlugu,20.21
Tunisia,TUN,Eastern Mediterranean,2019,Hekim Yogunlugu,12.99
Morocco,MAR,Eastern Mediterranean,2020,Hekim Yogunlugu,6.99
Barbados,BRB,Americas,2020,Hekim Yogunlugu,25.67
Kazakhstan,KAZ,Europe,2020,Hekim Yogunlugu,36.63
Bhutan,BTN,South-East Asia,2021,Hekim Yogunlugu,5.61
Australia,AUS,Western Pacific,2019,Hekim Yogunlugu,38.08
Bahrain,BHR,Eastern Mediterranean,2019,Hekim Yogunlugu,6.87
Democratic Republic of the Congo,COD,Africa,2022,Hekim Yogunlugu,2.08
Saint Vincent and the Grenadines,VCT,Americas,2022,Hekim Yogunlugu,15.1
Eritrea,ERI,Africa,2019,Hekim Yogunlugu,0.77
Spain,ESP,Europe,2023,Hekim Yogunlugu,44.29
Peru,PER,Americas,2022,Hekim Yogunlugu,16.49
Spain,ESP,Europe,2021,Hekim Yogunlugu,44.59
Nepal,NPL,South-East Asia,2023,Hekim Yogunlugu,10.11
Serbia,SRB,Europe,2022,Hekim Yogunlugu,30.99
China,CHN,Western Pacific,2023,Hekim Yogunlugu,28.19
Nicaragua,NIC,Americas,2021,Hekim Yogunlugu,9.31
India,IND,South-East Asia,2019,Hekim Yogunlugu,8.89
Sweden,SWE,Europe,2021,Hekim Yogunlugu,44.08
Türkiye,TUR,Europe,2021,Hekim Yogunlugu,21.18
Italy,ITA,Europe,2020,Hekim Yogunlugu,39.7
Vanuatu,VUT,Western Pacific,2019,Hekim Yogunlugu,1.64
Malaysia,MYS,Western Pacific,2022,Hekim Yogunlugu,22.9
Solomon Islands,SLB,Western Pacific,2023,Hekim Yogunlugu,2.38
India,IND,South-East Asia,2023,Hekim Yogunlugu,9.39
Ethiopia,ETH,Africa,2019,Hekim Yogunlugu,0.89
France,FRA,Europe,2019,Hekim Yogunlugu,32.43
Switzerland,CHE,Europe,2020,Hekim Yogunlugu,43.88
Pakistan,PAK,Eastern Mediterranean,2023,Hekim Yogunlugu,9.71
Uzbekistan,UZB,Europe,2020,Hekim Yogunlugu,23.1
Germany,DEU,Europe,2020,Hekim Yogunlugu,44.43
Costa Rica,CRI,Americas,2022,Hekim Yogunlugu,26.87
Namibia,NAM,Africa,2021,Hekim Yogunlugu,4.2
Romania,ROU,Europe,2019,Hekim Yogunlugu,31.65
India,IND,South-East Asia,2022,Hekim Yogunlugu,9.18
Gabon,GAB,Africa,2022,Hekim Yogunlugu,5.21
Thailand,THA,South-East Asia,2019,Hekim Yogunlugu,5.48
Armenia,ARM,Europe,2021,Hekim Yogunlugu,32.55
Croatia,HRV,Europe,2022,Hekim Yogunlugu,39.09
Iran (Islamic Republic of),IRN,Eastern Mediterranean,2023,Hekim Yogunlugu,18.11
Timor-Leste,TLS,South-East Asia,2023,Hekim Yogunlugu,7.68
Belarus,BLR,Europe,2021,Hekim Yogunlugu,46.16
Monaco,MCO,Europe,2020,Hekim Yogunlugu,86.09
Israel,ISR,Europe,2020,Hekim Yogunlugu,35.67
Oman,OMN,Eastern Mediterranean,2020,Hekim Yogunlugu,20.03
Türkiye,TUR,Europe,2019,Hekim Yogunlugu,18.84
Belgium,BEL,Europe,2021,Hekim Yogunlugu,32.52
Czechia,CZE,Europe,2021,Hekim Yogunlugu,42.46
Burkina Faso,BFA,Africa,2023,Hekim Yogunlugu,1.08
Kazakhstan,KAZ,Europe,2021,Hekim Yogunlugu,37.11
Czechia,CZE,Europe,2020,Hekim Yogunlugu,41.53
Togo,TGO,Africa,2019,Hekim Yogunlugu,0.74
Sri Lanka,LKA,South-East Asia,2021,Hekim Yogunlugu,11.44
Barbados,BRB,Americas,2022,Hekim Yogunlugu,29.05
Colombia,COL,Americas,2022,Hekim Yogunlugu,24.62
United Kingdom of Great Britain and Northern Ireland,GBR,Europe,2019,Hekim Yogunlugu,29.32
Slovenia,SVN,Europe,2019,Hekim Yogunlugu,32.7
Belgium,BEL,Europe,2020,Hekim Yogunlugu,32.14
South Sudan,SSD,Africa,2020,Hekim Yogunlugu,0.43
North Macedonia,MKD,Europe,2019,Hekim Yogunlugu,34.09
Sweden,SWE,Europe,2022,Hekim Yogunlugu,44.74
Denmark,DNK,Europe,2021,Hekim Yogunlugu,44.98
Djibouti,DJI,Eastern Mediterranean,2022,Hekim Yogunlugu,2.11
Canada,CAN,Americas,2022,Hekim Yogunlugu,28.14
Guinea-Bissau,GNB,Africa,2020,Hekim Yogunlugu,1.91
Togo,TGO,Africa,2020,Hekim Yogunlugu,0.79
Bolivia (Plurinational State of),BOL,Americas,2019,Hekim Yogunlugu,10.88
Eritrea,ERI,Africa,2023,Hekim Yogunlugu,0.89
Ghana,GHA,Africa,2022,Hekim Yogunlugu,1.43
Seychelles,SYC,Africa,2021,Hekim Yogunlugu,36.34
Guinea-Bissau,GNB,Africa,2022,Hekim Yogunlugu,2.52
Argentina,ARG,Americas,2021,Hekim Yogunlugu,53.62
Hungary,HUN,Europe,2020,Hekim Yogunlugu,31.4
Portugal,PRT,Europe,2022,Hekim Yogunlugu,58.7
United States of America,USA,Americas,2022,Hekim Yogunlugu,26.54
Zimbabwe,ZWE,Africa,2021,Hekim Yogunlugu,1.77
Mauritius,MUS,Africa,2020,Hekim Yogunlugu,26.89
Guatemala,GTM,Americas,2020,Hekim Yogunlugu,12.81
Uzbekistan,UZB,Europe,2023,Hekim Yogunlugu,23.23
Norway,NOR,Europe,2020,Hekim Yogunlugu,46.82
Ireland,IRL,Europe,2022,Hekim Yogunlugu,33.62
Spain,ESP,Europe,2019,Hekim Yogunlugu,43.76
Papua New Guinea,PNG,Western Pacific,2021,Hekim Yogunlugu,0.63
Slovakia,SVK,Europe,2019,Hekim Yogunlugu,35.69
United Arab Emirates,ARE,Eastern Mediterranean,2021,Hekim Yogunlugu,27.86
Cook Islands,COK,Western Pacific,2020,Hekim Yogunlugu,16.67
Indonesia,IDN,Western Pacific,2020,Hekim Yogunlugu,6.2
Rwanda,RWA,Africa,2023,Hekim Yogunlugu,1.04
Bulgaria,BGR,Europe,2019,Hekim Yogunlugu,42.36
Gambia,GMB,Africa,2020,Hekim Yogunlugu,0.78
Türkiye,TUR,Europe,2022,Hekim Yogunlugu,22.36
Andorra,AND,Europe,2023,Hekim Yogunlugu,50.43
Algeria,DZA,Africa,2022,Hekim Yogunlugu,16.6
Afghanistan,AFG,Eastern Mediterranean,2020,Hekim Yogunlugu,2.53
Cote d'Ivoire,CIV,Africa,2020,Hekim Yogunlugu,1.53
Cameroon,CMR,Africa,2021,Hekim Yogunlugu,1.26
Syrian Arab Republic,SYR,Eastern Mediterranean,2020,Hekim Yogunlugu,15.0
Canada,CAN,Americas,2021,Hekim Yogunlugu,24.44
Brazil,BRA,Americas,2021,Hekim Yogunlugu,21.91
Brunei Darussalam,BRN,Western Pacific,2022,Hekim Yogunlugu,23.72
Croatia,HRV,Europe,2020,Hekim Yogunlugu,36.06
Lao People's Democratic Republic,LAO,Western Pacific,2022,Hekim Yogunlugu,3.31
Tajikistan,TJK,Europe,2019,Hekim Yogunlugu,19.33
Marshall Islands,MHL,Western Pacific,2021,Hekim Yogunlugu,11.35
Maldives,MDV,South-East Asia,2019,Hekim Yogunlugu,22.35
Latvia,LVA,Europe,2023,Hekim Yogunlugu,33.52
Finland,FIN,Europe,2020,Hekim Yogunlugu,28.56
Burkina Faso,BFA,Africa,2019,Hekim Yogunlugu,0.91
Norway,NOR,Europe,2023,Hekim Yogunlugu,49.75
Viet Nam,VNM,Western Pacific,2019,Hekim Yogunlugu,9.9
Russian Federation,RUS,Europe,2019,Hekim Yogunlugu,41.65
Madagascar,MDG,Africa,2022,Hekim Yogunlugu,1.72
Kazakhstan,KAZ,Europe,2019,Hekim Yogunlugu,36.2
Egypt,EGY,Eastern Mediterranean,2020,Hekim Yogunlugu,11.11
Italy,ITA,Europe,2022,Hekim Yogunlugu,53.11
Denmark,DNK,Europe,2019,Hekim Yogunlugu,42.51
Bosnia and Herzegovina,BIH,Europe,2019,Hekim Yogunlugu,25.84
Honduras,HND,Americas,2023,Hekim Yogunlugu,19.02
Viet Nam,VNM,Western Pacific,2020,Hekim Yogunlugu,8.56
Ireland,IRL,Europe,2020,Hekim Yogunlugu,34.58
Turkmenistan,TKM,Europe,2020,Hekim Yogunlugu,19.6
Armenia,ARM,Europe,2022,Hekim Yogunlugu,33.6
Botswana,BWA,Africa,2020,Hekim Yogunlugu,4.33
Burundi,BDI,Africa,2021,Hekim Yogunlugu,0.76
Argentina,ARG,Americas,2023,Hekim Yogunlugu,50.88
United Arab Emirates,ARE,Eastern Mediterranean,2022,Hekim Yogunlugu,29.15
Cote d'Ivoire,CIV,Africa,2021,Hekim Yogunlugu,1.67
Poland,POL,Europe,2019,Hekim Yogunlugu,32.79
Democratic Republic of the Congo,COD,Africa,2019,Hekim Yogunlugu,1.62
Panama,PAN,Americas,2020,Hekim Yogunlugu,16.3
Bangladesh,BGD,South-East Asia,2019,Hekim Yogunlugu,6.3
Italy,ITA,Europe,2023,Hekim Yogunlugu,53.06
Kuwait,KWT,Eastern Mediterranean,2022,Hekim Yogunlugu,29.69
Nicaragua,NIC,Americas,2019,Hekim Yogunlugu,9.64
Niger,NER,Africa,2023,Hekim Yogunlugu,0.38
Chad,TCD,Africa,2021,Hekim Yogunlugu,0.56
Burkina Faso,BFA,Africa,2021,Hekim Yogunlugu,1.01
Jamaica,JAM,Americas,2023,Hekim Yogunlugu,4.6
Lithuania,LTU,Europe,2019,Hekim Yogunlugu,45.68
Pakistan,PAK,Eastern Mediterranean,2019,Hekim Yogunlugu,10.49
Croatia,HRV,Europe,2023,Hekim Yogunlugu,39.73
Cyprus,CYP,Europe,2022,Hekim Yogunlugu,35.56
Chad,TCD,Africa,2023,Hekim Yogunlugu,0.85
Egypt,EGY,Eastern Mediterranean,2019,Hekim Yogunlugu,6.97
Ireland,IRL,Europe,2023,Hekim Yogunlugu,38.75
France,FRA,Europe,2021,Hekim Yogunlugu,38.87
South Africa,ZAF,Africa,2020,Hekim Yogunlugu,7.25
Namibia,NAM,Africa,2020,Hekim Yogunlugu,3.8
Ghana,GHA,Africa,2019,Hekim Yogunlugu,1.04
Iceland,ISL,Europe,2021,Hekim Yogunlugu,43.77
Saint Vincent and the Grenadines,VCT,Americas,2023,Hekim Yogunlugu,18.56
North Macedonia,MKD,Europe,2022,Hekim Yogunlugu,29.44
Netherlands (Kingdom of the),NLD,Europe,2019,Hekim Yogunlugu,37.13
South Sudan,SSD,Africa,2019,Hekim Yogunlugu,0.33
Mozambique,MOZ,Africa,2022,Hekim Yogunlugu,1.75
Montenegro,MNE,Europe,2020,Hekim Yogunlugu,28.31
Australia,AUS,Western Pacific,2021,Hekim Yogunlugu,39.76
Republic of Korea,KOR,Western Pacific,2021,Hekim Yogunlugu,25.17
Kenya,KEN,Africa,2020,Hekim Yogunlugu,0.74
Tajikistan,TJK,Europe,2022,Hekim Yogunlugu,19.39
Gambia,GMB,Africa,2023,Hekim Yogunlugu,0.9
Lithuania,LTU,Europe,2023,Hekim Yogunlugu,46.45
Tunisia,TUN,Eastern Mediterranean,2022,Hekim Yogunlugu,12.46
Spain,ESP,Europe,2022,Hekim Yogunlugu,43.27
Portugal,PRT,Europe,2021,Hekim Yogunlugu,57.11
Kenya,KEN,Africa,2023,Hekim Yogunlugu,2.89
Niger,NER,Africa,2020,Hekim Yogunlugu,0.35
Morocco,MAR,Eastern Mediterranean,2022,Hekim Yogunlugu,7.61
Mali,MLI,Africa,2023,Hekim Yogunlugu,1.88
Timor-Leste,TLS,South-East Asia,2019,Hekim Yogunlugu,7.64
Bhutan,BTN,South-East Asia,2020,Hekim Yogunlugu,4.86
Jordan,JOR,Eastern Mediterranean,2019,Hekim Yogunlugu,27.09
Tunisia,TUN,Eastern Mediterranean,2021,Hekim Yogunlugu,13.15
Singapore,SGP,Western Pacific,2019,Hekim Yogunlugu,23.76
Rwanda,RWA,Africa,2021,Hekim Yogunlugu,1.21
Zimbabwe,ZWE,Africa,2023,Hekim Yogunlugu,1.82
Nigeria,NGA,Africa,2019,Hekim Yogunlugu,3.56
Estonia,EST,Europe,2022,Hekim Yogunlugu,34.69
Hungary,HUN,Europe,2022,Hekim Yogunlugu,34.56
Algeria,DZA,Africa,2019,Hekim Yogunlugu,19.44
Kazakhstan,KAZ,Europe,2023,Hekim Yogunlugu,37.54
Greece,GRC,Europe,2019,Hekim Yogunlugu,61.63
Ireland,IRL,Europe,2021,Hekim Yogunlugu,40.28
Cyprus,CYP,Europe,2020,Hekim Yogunlugu,31.97
Finland,FIN,Europe,2019,Hekim Yogunlugu,28.15
Azerbaijan,AZE,Europe,2019,Hekim Yogunlugu,31.48
Uganda,UGA,Africa,2020,Hekim Yogunlugu,1.58
Montenegro,MNE,Europe,2019,Hekim Yogunlugu,27.92
Japan,JPN,Western Pacific,2022,Hekim Yogunlugu,26.49
Liberia,LBR,Africa,2020,Hekim Yogunlugu,1.51
Philippines,PHL,Western Pacific,2021,Hekim Yogunlugu,7.92
Austria,AUT,Europe,2023,Hekim Yogunlugu,55.15
Belarus,BLR,Europe,2020,Hekim Yogunlugu,46.02
Croatia,HRV,Europe,2019,Hekim Yogunlugu,35.9
Kyrgyzstan,KGZ,Europe,2022,Hekim Yogunlugu,16.0
Haiti,HTI,Americas,2022,Hekim Yogunlugu,2.92
Mexico,MEX,Americas,2021,Hekim Yogunlugu,25.41
Pakistan,PAK,Eastern Mediterranean,2021,Hekim Yogunlugu,11.6
Senegal,SEN,Africa,2023,Hekim Yogunlugu,1.09
Gambia,GMB,Africa,2022,Hekim Yogunlugu,1.04
Kuwait,KWT,Eastern Mediterranean,2019,Hekim Yogunlugu,26.87
Slovakia,SVK,Europe,2022,Hekim Yogunlugu,36.97
Ecuador,ECU,Americas,2019,Hekim Yogunlugu,23.2
Madagascar,MDG,Africa,2023,Hekim Yogunlugu,1.03
Lithuania,LTU,Europe,2021,Hekim Yogunlugu,44.85
Kenya,KEN,Africa,2022,Hekim Yogunlugu,2.36
Switzerland,CHE,Europe,2019,Hekim Yogunlugu,43.49
Austria,AUT,Europe,2020,Hekim Yogunlugu,53.16
Bolivia (Plurinational State of),BOL,Americas,2020,Hekim Yogunlugu,9.61
Indonesia,IDN,Western Pacific,2019,Hekim Yogunlugu,4.62
Nigeria,NGA,Africa,2022,Hekim Yogunlugu,3.86
Italy,ITA,Europe,2019,Hekim Yogunlugu,40.24
Austria,AUT,Europe,2019,Hekim Yogunlugu,52.91
Cote d'Ivoire,CIV,Africa,2022,Hekim Yogunlugu,1.62
Argentina,ARG,Americas,2019,Hekim Yogunlugu,52.32
Brazil,BRA,Americas,2019,Hekim Yogunlugu,23.51
Botswana,BWA,Africa,2023,Hekim Yogunlugu,3.79
Israel,ISR,Europe,2023,Hekim Yogunlugu,37.97
Ghana,GHA,Africa,2020,Hekim Yogunlugu,1.66
Zimbabwe,ZWE,Africa,2020,Hekim Yogunlugu,1.7
Ghana,GHA,Africa,2021,Hekim Yogunlugu,1.28
Serbia,SRB,Europe,2023,Hekim Yogunlugu,32.15
Slovenia,SVN,Europe,2020,Hekim Yogunlugu,33.03
Cuba,CUB,Americas,2020,Hekim Yogunlugu,92.91
Egypt,EGY,Eastern Mediterranean,2021,Hekim Yogunlugu,11.8
Togo,TGO,Africa,2022,Hekim Yogunlugu,0.8
Saudi Arabia,SAU,Eastern Mediterranean,2022,Hekim Yogunlugu,34.82
Slovakia,SVK,Europe,2021,Hekim Yogunlugu,36.83
Senegal,SEN,Africa,2022,Hekim Yogunlugu,1.24
Georgia,GEO,Europe,2019,Hekim Yogunlugu,74.52
South Africa,ZAF,Africa,2022,Hekim Yogunlugu,7.94
Iraq,IRQ,Eastern Mediterranean,2022,Hekim Yogunlugu,10.22
Portugal,PRT,Europe,2020,Hekim Yogunlugu,55.76
Romania,ROU,Europe,2023,Hekim Yogunlugu,37.12
Iraq,IRQ,Eastern Mediterranean,2020,Hekim Yogunlugu,9.23
Chile,CHL,Americas,2023,Hekim Yogunlugu,33.34
Sweden,SWE,Europe,2020,Hekim Yogunlugu,43.22
United States of America,USA,Americas,2019,Hekim Yogunlugu,25.65
United Arab Emirates,ARE,Eastern Mediterranean,2023,Hekim Yogunlugu,29.92
Mongolia,MNG,Western Pacific,2022,Hekim Yogunlugu,41.3
Dominican Republic,DOM,Americas,2021,Hekim Yogunlugu,20.29
Botswana,BWA,Africa,2019,Hekim Yogunlugu,3.95
Cyprus,CYP,Europe,2019,Hekim Yogunlugu,29.28
Mali,MLI,Africa,2020,Hekim Yogunlugu,1.62
Guyana,GUY,Americas,2023,Hekim Yogunlugu,12.49
Maldives,MDV,South-East Asia,2020,Hekim Yogunlugu,2.19
Austria,AUT,Europe,2022,Hekim Yogunlugu,54.32
Maldives,MDV,South-East Asia,2021,Hekim Yogunlugu,23.0
Lithuania,LTU,Europe,2020,Hekim Yogunlugu,44.81
Sri Lanka,LKA,South-East Asia,2019,Hekim Yogunlugu,10.98
Samoa,WSM,Western Pacific,2019,Hekim Yogunlugu,5.58
Ghana,GHA,Africa,2023,Hekim Yogunlugu,2.66
Zambia,ZMB,Africa,2020,Hekim Yogunlugu,2.53
Uruguay,URY,Americas,2023,Hekim Yogunlugu,45.51
Switzerland,CHE,Europe,2022,Hekim Yogunlugu,44.77
Zambia,ZMB,Africa,2023,Hekim Yogunlugu,1.56
Yemen,YEM,Eastern Mediterranean,2021,Hekim Yogunlugu,1.74
Zimbabwe,ZWE,Africa,2019,Hekim Yogunlugu,1.66
Montenegro,MNE,Europe,2021,Hekim Yogunlugu,28.78
Andorra,AND,Europe,2020,Hekim Yogunlugu,45.87
Palau,PLW,Western Pacific,2019,Hekim Yogunlugu,21.91
Slovakia,SVK,Europe,2021,Hemsire-Ebe Yogunlugu,60.48
Australia,AUS,Western Pacific,2019,Hemsire-Ebe Yogunlugu,129.95
Kazakhstan,KAZ,Europe,2023,Hemsire-Ebe Yogunlugu,66.01
Ghana,GHA,Africa,2022,Hemsire-Ebe Yogunlugu,44.67
Iceland,ISL,Europe,2022,Hemsire-Ebe Yogunlugu,156.39
Paraguay,PRY,Americas,2021,Hemsire-Ebe Yogunlugu,90.57
Liberia,LBR,Africa,2021,Hemsire-Ebe Yogunlugu,4.86
Czechia,CZE,Europe,2019,Hemsire-Ebe Yogunlugu,90.48
Estonia,EST,Europe,2019,Hemsire-Ebe Yogunlugu,66.02
Bhutan,BTN,South-East Asia,2020,Hemsire-Ebe Yogunlugu,20.82
Nicaragua,NIC,Americas,2019,Hemsire-Ebe Yogunlugu,16.53
Senegal,SEN,Africa,2023,Hemsire-Ebe Yogunlugu,4.24
Tajikistan,TJK,Europe,2023,Hemsire-Ebe Yogunlugu,64.53
Republic of Korea,KOR,Western Pacific,2023,Hemsire-Ebe Yogunlugu,94.86
Congo,COG,Africa,2022,Hemsire-Ebe Yogunlugu,11.21
Colombia,COL,Americas,2020,Hemsire-Ebe Yogunlugu,14.54
Poland,POL,Europe,2020,Hemsire-Ebe Yogunlugu,62.5
Thailand,THA,South-East Asia,2019,Hemsire-Ebe Yogunlugu,24.84
Dominican Republic,DOM,Americas,2020,Hemsire-Ebe Yogunlugu,18.92
South Africa,ZAF,Africa,2020,Hemsire-Ebe Yogunlugu,46.27
Greece,GRC,Europe,2020,Hemsire-Ebe Yogunlugu,39.27
Central African Republic,CAF,Africa,2023,Hemsire-Ebe Yogunlugu,10.97
Peru,PER,Americas,2020,Hemsire-Ebe Yogunlugu,23.48
Cabo Verde,CPV,Africa,2022,Hemsire-Ebe Yogunlugu,17.8
Denmark,DNK,Europe,2019,Hemsire-Ebe Yogunlugu,105.07
Samoa,WSM,Western Pacific,2020,Hemsire-Ebe Yogunlugu,30.58
Andorra,AND,Europe,2020,Hemsire-Ebe Yogunlugu,48.45
Norway,NOR,Europe,2021,Hemsire-Ebe Yogunlugu,162.47
Uzbekistan,UZB,Europe,2019,Hemsire-Ebe Yogunlugu,110.66
Kuwait,KWT,Eastern Mediterranean,2022,Hemsire-Ebe Yogunlugu,67.1
Gabon,GAB,Africa,2022,Hemsire-Ebe Yogunlugu,23.7
Bulgaria,BGR,Europe,2022,Hemsire-Ebe Yogunlugu,47.04
Lithuania,LTU,Europe,2020,Hemsire-Ebe Yogunlugu,81.17
Portugal,PRT,Europe,2021,Hemsire-Ebe Yogunlugu,77.14
Mauritania,MRT,Africa,2021,Hemsire-Ebe Yogunlugu,15.65
Myanmar,MMR,South-East Asia,2021,Hemsire-Ebe Yogunlugu,1.96
India,IND,South-East Asia,2020,Hemsire-Ebe Yogunlugu,23.27
Türkiye,TUR,Europe,2022,Hemsire-Ebe Yogunlugu,34.83
Yemen,YEM,Eastern Mediterranean,2020,Hemsire-Ebe Yogunlugu,4.91
China,CHN,Western Pacific,2022,Hemsire-Ebe Yogunlugu,36.66
Norway,NOR,Europe,2022,Hemsire-Ebe Yogunlugu,160.93
Costa Rica,CRI,Americas,2020,Hemsire-Ebe Yogunlugu,30.64
Belarus,BLR,Europe,2020,Hemsire-Ebe Yogunlugu,109.92
Iraq,IRQ,Eastern Mediterranean,2019,Hemsire-Ebe Yogunlugu,23.13
New Zealand,NZL,Western Pacific,2023,Hemsire-Ebe Yogunlugu,122.23
Andorra,AND,Europe,2023,Hemsire-Ebe Yogunlugu,47.22
Guinea-Bissau,GNB,Africa,2022,Hemsire-Ebe Yogunlugu,9.9
Austria,AUT,Europe,2023,Hemsire-Ebe Yogunlugu,109.37
Seychelles,SYC,Africa,2019,Hemsire-Ebe Yogunlugu,54.38
Sri Lanka,LKA,South-East Asia,2023,Hemsire-Ebe Yogunlugu,22.58
Malawi,MWI,Africa,2023,Hemsire-Ebe Yogunlugu,5.36
Cyprus,CYP,Europe,2023,Hemsire-Ebe Yogunlugu,39.84
Lithuania,LTU,Europe,2019,Hemsire-Ebe Yogunlugu,80.58
Ethiopia,ETH,Africa,2020,Hemsire-Ebe Yogunlugu,7.58
Finland,FIN,Europe,2021,Hemsire-Ebe Yogunlugu,131.86
Singapore,SGP,Western Pacific,2023,Hemsire-Ebe Yogunlugu,70.9
Chad,TCD,Africa,2023,Hemsire-Ebe Yogunlugu,1.66
Finland,FIN,Europe,2019,Hemsire-Ebe Yogunlugu,126.02
New Zealand,NZL,Western Pacific,2022,Hemsire-Ebe Yogunlugu,118.63
Portugal,PRT,Europe,2022,Hemsire-Ebe Yogunlugu,78.52
Oman,OMN,Eastern Mediterranean,2020,Hemsire-Ebe Yogunlugu,44.47
Eritrea,ERI,Africa,2021,Hemsire-Ebe Yogunlugu,14.17
Albania,ALB,Europe,2020,Hemsire-Ebe Yogunlugu,58.21
Zambia,ZMB,Africa,2021,Hemsire-Ebe Yogunlugu,18.51
Denmark,DNK,Europe,2022,Hemsire-Ebe Yogunlugu,108.44
Panama,PAN,Americas,2021,Hemsire-Ebe Yogunlugu,37.57
Romania,ROU,Europe,2019,Hemsire-Ebe Yogunlugu,76.46
Israel,ISR,Europe,2020,Hemsire-Ebe Yogunlugu,56.84
Papua New Guinea,PNG,Western Pacific,2019,Hemsire-Ebe Yogunlugu,4.14
Chad,TCD,Africa,2022,Hemsire-Ebe Yogunlugu,2.08
Germany,DEU,Europe,2020,Hemsire-Ebe Yogunlugu,122.81
Eritrea,ERI,Africa,2023,Hemsire-Ebe Yogunlugu,15.16
Eswatini,SWZ,Africa,2023,Hemsire-Ebe Yogunlugu,42.6
Turkmenistan,TKM,Europe,2021,Hemsire-Ebe Yogunlugu,35.02
Benin,BEN,Africa,2021,Hemsire-Ebe Yogunlugu,5.64
Central African Republic,CAF,Africa,2022,Hemsire-Ebe Yogunlugu,4.99
Malaysia,MYS,Western Pacific,2022,Hemsire-Ebe Yogunlugu,40.26
Togo,TGO,Africa,2021,Hemsire-Ebe Yogunlugu,3.86
Netherlands (Kingdom of the),NLD,Europe,2022,Hemsire-Ebe Yogunlugu,116.92
Luxembourg,LUX,Europe,2021,Hemsire-Ebe Yogunlugu,133.25
Singapore,SGP,Western Pacific,2021,Hemsire-Ebe Yogunlugu,69.66
Canada,CAN,Americas,2022,Hemsire-Ebe Yogunlugu,111.75
Mauritania,MRT,Africa,2020,Hemsire-Ebe Yogunlugu,11.56
Spain,ESP,Europe,2022,Hemsire-Ebe Yogunlugu,63.39
Cameroon,CMR,Africa,2021,Hemsire-Ebe Yogunlugu,1.95
Albania,ALB,Europe,2019,Hemsire-Ebe Yogunlugu,50.81
Barbados,BRB,Americas,2021,Hemsire-Ebe Yogunlugu,41.65
Jordan,JOR,Eastern Mediterranean,2022,Hemsire-Ebe Yogunlugu,30.91
Malawi,MWI,Africa,2022,Hemsire-Ebe Yogunlugu,5.07
Democratic Republic of the Congo,COD,Africa,2019,Hemsire-Ebe Yogunlugu,10.45
Argentina,ARG,Americas,2023,Hemsire-Ebe Yogunlugu,64.87
Croatia,HRV,Europe,2022,Hemsire-Ebe Yogunlugu,79.99
Poland,POL,Europe,2019,Hemsire-Ebe Yogunlugu,63.26
Turkmenistan,TKM,Europe,2019,Hemsire-Ebe Yogunlugu,36.9
Saint Kitts and Nevis,KNA,Americas,2023,Hemsire-Ebe Yogunlugu,65.81
Slovenia,SVN,Europe,2023,Hemsire-Ebe Yogunlugu,106.82
Türkiye,TUR,Europe,2023,Hemsire-Ebe Yogunlugu,35.3
Italy,ITA,Europe,2023,Hemsire-Ebe Yogunlugu,70.95
Latvia,LVA,Europe,2020,Hemsire-Ebe Yogunlugu,43.91
Chad,TCD,Africa,2021,Hemsire-Ebe Yogunlugu,1.91
Singapore,SGP,Western Pacific,2022,Hemsire-Ebe Yogunlugu,69.03
Hungary,HUN,Europe,2019,Hemsire-Ebe Yogunlugu,55.64
Tunisia,TUN,Eastern Mediterranean,2023,Hemsire-Ebe Yogunlugu,19.16
Luxembourg,LUX,Europe,2023,Hemsire-Ebe Yogunlugu,137.21
Azerbaijan,AZE,Europe,2020,Hemsire-Ebe Yogunlugu,57.77
Romania,ROU,Europe,2021,Hemsire-Ebe Yogunlugu,81.07
Slovakia,SVK,Europe,2022,Hemsire-Ebe Yogunlugu,59.63
Senegal,SEN,Africa,2019,Hemsire-Ebe Yogunlugu,5.39
Gambia,GMB,Africa,2023,Hemsire-Ebe Yogunlugu,6.58
Netherlands (Kingdom of the),NLD,Europe,2021,Hemsire-Ebe Yogunlugu,115.26
Tunisia,TUN,Eastern Mediterranean,2021,Hemsire-Ebe Yogunlugu,21.61
Liberia,LBR,Africa,2019,Hemsire-Ebe Yogunlugu,5.44
Poland,POL,Europe,2022,Hemsire-Ebe Yogunlugu,63.25
Cote d'Ivoire,CIV,Africa,2020,Hemsire-Ebe Yogunlugu,6.83
Malta,MLT,Europe,2023,Hemsire-Ebe Yogunlugu,82.57
Sweden,SWE,Europe,2020,Hemsire-Ebe Yogunlugu,114.34
Andorra,AND,Europe,2022,Hemsire-Ebe Yogunlugu,46.68
Kiribati,KIR,Western Pacific,2023,Hemsire-Ebe Yogunlugu,39.02
Argentina,ARG,Americas,2020,Hemsire-Ebe Yogunlugu,64.96
North Macedonia,MKD,Europe,2022,Hemsire-Ebe Yogunlugu,55.15
Botswana,BWA,Africa,2022,Hemsire-Ebe Yogunlugu,32.9
Brazil,BRA,Americas,2019,Hemsire-Ebe Yogunlugu,43.21
Bahamas,BHS,Americas,2023,Hemsire-Ebe Yogunlugu,42.24
Lao People's Democratic Republic,LAO,Western Pacific,2023,Hemsire-Ebe Yogunlugu,10.27
Mauritius,MUS,Africa,2020,Hemsire-Ebe Yogunlugu,34.29
Saint Vincent and the Grenadines,VCT,Americas,2021,Hemsire-Ebe Yogunlugu,79.48
United Arab Emirates,ARE,Eastern Mediterranean,2020,Hemsire-Ebe Yogunlugu,62.49
Indonesia,IDN,Western Pacific,2020,Hemsire-Ebe Yogunlugu,39.35
Nicaragua,NIC,Americas,2020,Hemsire-Ebe Yogunlugu,16.86
Tunisia,TUN,Eastern Mediterranean,2020,Hemsire-Ebe Yogunlugu,20.74
Belarus,BLR,Europe,2019,Hemsire-Ebe Yogunlugu,109.07
Jamaica,JAM,Americas,2023,Hemsire-Ebe Yogunlugu,16.17
Saudi Arabia,SAU,Eastern Mediterranean,2019,Hemsire-Ebe Yogunlugu,65.31
Vanuatu,VUT,Western Pacific,2019,Hemsire-Ebe Yogunlugu,14.59
Burkina Faso,BFA,Africa,2019,Hemsire-Ebe Yogunlugu,8.99
Indonesia,IDN,Western Pacific,2022,Hemsire-Ebe Yogunlugu,41.23
Mongolia,MNG,Western Pacific,2022,Hemsire-Ebe Yogunlugu,44.52
El Salvador,SLV,Americas,2021,Hemsire-Ebe Yogunlugu,19.68
Rwanda,RWA,Africa,2019,Hemsire-Ebe Yogunlugu,9.37
Malta,MLT,Europe,2019,Hemsire-Ebe Yogunlugu,82.1
Madagascar,MDG,Africa,2023,Hemsire-Ebe Yogunlugu,2.62
Uzbekistan,UZB,Europe,2022,Hemsire-Ebe Yogunlugu,110.28
Costa Rica,CRI,Americas,2021,Hemsire-Ebe Yogunlugu,30.96
Lao People's Democratic Republic,LAO,Western Pacific,2020,Hemsire-Ebe Yogunlugu,11.79
Republic of Korea,KOR,Western Pacific,2021,Hemsire-Ebe Yogunlugu,87.55
Saudi Arabia,SAU,Eastern Mediterranean,2022,Hemsire-Ebe Yogunlugu,62.33
Turkmenistan,TKM,Europe,2022,Hemsire-Ebe Yogunlugu,35.09
Nepal,NPL,South-East Asia,2020,Hemsire-Ebe Yogunlugu,33.62
Palau,PLW,Western Pacific,2020,Hemsire-Ebe Yogunlugu,65.73
Namibia,NAM,Africa,2020,Hemsire-Ebe Yogunlugu,23.62
Malaysia,MYS,Western Pacific,2019,Hemsire-Ebe Yogunlugu,39.25
United States of America,USA,Americas,2022,Hemsire-Ebe Yogunlugu,133.92
Iraq,IRQ,Eastern Mediterranean,2020,Hemsire-Ebe Yogunlugu,22.79
Italy,ITA,Europe,2020,Hemsire-Ebe Yogunlugu,65.15
Serbia,SRB,Europe,2022,Hemsire-Ebe Yogunlugu,66.89
Uruguay,URY,Americas,2023,Hemsire-Ebe Yogunlugu,76.25
Russian Federation,RUS,Europe,2021,Hemsire-Ebe Yogunlugu,71.71
France,FRA,Europe,2019,Hemsire-Ebe Yogunlugu,93.36
Colombia,COL,Americas,2023,Hemsire-Ebe Yogunlugu,15.53
United Kingdom of Great Britain and Northern Ireland,GBR,Europe,2022,Hemsire-Ebe Yogunlugu,92.39
Maldives,MDV,South-East Asia,2020,Hemsire-Ebe Yogunlugu,50.17
South Sudan,SSD,Africa,2022,Hemsire-Ebe Yogunlugu,6.91
New Zealand,NZL,Western Pacific,2021,Hemsire-Ebe Yogunlugu,114.84
Canada,CAN,Americas,2021,Hemsire-Ebe Yogunlugu,111.15
Mongolia,MNG,Western Pacific,2020,Hemsire-Ebe Yogunlugu,43.12
Croatia,HRV,Europe,2019,Hemsire-Ebe Yogunlugu,73.98
Ghana,GHA,Africa,2021,Hemsire-Ebe Yogunlugu,34.53
Mozambique,MOZ,Africa,2020,Hemsire-Ebe Yogunlugu,4.92
Colombia,COL,Americas,2022,Hemsire-Ebe Yogunlugu,15.33
Tunisia,TUN,Eastern Mediterranean,2022,Hemsire-Ebe Yogunlugu,23.7
Belarus,BLR,Europe,2021,Hemsire-Ebe Yogunlugu,106.66
Yemen,YEM,Eastern Mediterranean,2022,Hemsire-Ebe Yogunlugu,6.87
Mexico,MEX,Americas,2020,Hemsire-Ebe Yogunlugu,29.37
Mauritius,MUS,Africa,2022,Hemsire-Ebe Yogunlugu,40.48
Hungary,HUN,Europe,2022,Hemsire-Ebe Yogunlugu,56.65
Denmark,DNK,Europe,2020,Hemsire-Ebe Yogunlugu,106.28
Brunei Darussalam,BRN,Western Pacific,2021,Hemsire-Ebe Yogunlugu,69.83
Peru,PER,Americas,2022,Hemsire-Ebe Yogunlugu,27.01
Solomon Islands,SLB,Western Pacific,2023,Hemsire-Ebe Yogunlugu,20.01
Brunei Darussalam,BRN,Western Pacific,2022,Hemsire-Ebe Yogunlugu,63.4
Germany,DEU,Europe,2021,Hemsire-Ebe Yogunlugu,122.59
Nepal,NPL,South-East Asia,2023,Hemsire-Ebe Yogunlugu,40.92
Bhutan,BTN,South-East Asia,2022,Hemsire-Ebe Yogunlugu,20.52
Italy,ITA,Europe,2019,Hemsire-Ebe Yogunlugu,64.02
Greece,GRC,Europe,2019,Hemsire-Ebe Yogunlugu,36.48
Belize,BLZ,Americas,2021,Hemsire-Ebe Yogunlugu,20.67
Malaysia,MYS,Western Pacific,2023,Hemsire-Ebe Yogunlugu,40.54
Bulgaria,BGR,Europe,2023,Hemsire-Ebe Yogunlugu,46.83
Panama,PAN,Americas,2022,Hemsire-Ebe Yogunlugu,33.45
Belgium,BEL,Europe,2020,Hemsire-Ebe Yogunlugu,128.21
Tonga,TON,Western Pacific,2020,Hemsire-Ebe Yogunlugu,45.41
United States of America,USA,Americas,2023,Hemsire-Ebe Yogunlugu,120.55
Maldives,MDV,South-East Asia,2021,Hemsire-Ebe Yogunlugu,59.63
Bosnia and Herzegovina,BIH,Europe,2022,Hemsire-Ebe Yogunlugu,67.27
Ghana,GHA,Africa,2023,Hemsire-Ebe Yogunlugu,41.1
Cabo Verde,CPV,Africa,2021,Hemsire-Ebe Yogunlugu,17.96
Croatia,HRV,Europe,2023,Hemsire-Ebe Yogunlugu,80.45
Cuba,CUB,Americas,2021,Hemsire-Ebe Yogunlugu,78.21
Palau,PLW,Western Pacific,2021,Hemsire-Ebe Yogunlugu,90.45
Egypt,EGY,Eastern Mediterranean,2021,Hemsire-Ebe Yogunlugu,19.5
Türkiye,TUR,Europe,2020,Hemsire-Ebe Yogunlugu,33.26
Guinea,GIN,Africa,2022,Hemsire-Ebe Yogunlugu,4.21
Italy,ITA,Europe,2022,Hemsire-Ebe Yogunlugu,70.33
Syrian Arab Republic,SYR,Eastern Mediterranean,2019,Hemsire-Ebe Yogunlugu,17.76
Liberia,LBR,Africa,2020,Hemsire-Ebe Yogunlugu,6.39
Kazakhstan,KAZ,Europe,2019,Hemsire-Ebe Yogunlugu,66.96
El Salvador,SLV,Americas,2022,Hemsire-Ebe Yogunlugu,21.79
Eswatini,SWZ,Africa,2022,Hemsire-Ebe Yogunlugu,43.65
North Macedonia,MKD,Europe,2020,Hemsire-Ebe Yogunlugu,54.49
India,IND,South-East Asia,2021,Hemsire-Ebe Yogunlugu,24.85
Madagascar,MDG,Africa,2022,Hemsire-Ebe Yogunlugu,2.81
Uganda,UGA,Africa,2022,Hemsire-Ebe Yogunlugu,22.65
Switzerland,CHE,Europe,2020,Hemsire-Ebe Yogunlugu,187.08
Colombia,COL,Americas,2021,Hemsire-Ebe Yogunlugu,15.0
Timor-Leste,TLS,South-East Asia,2023,Hemsire-Ebe Yogunlugu,15.17
Denmark,DNK,Europe,2023,Hemsire-Ebe Yogunlugu,109.3
Estonia,EST,Europe,2021,Hemsire-Ebe Yogunlugu,68.54
Sweden,SWE,Europe,2019,Hemsire-Ebe Yogunlugu,116.33
Austria,AUT,Europe,2019,Hemsire-Ebe Yogunlugu,106.6
Bahrain,BHR,Eastern Mediterranean,2019,Hemsire-Ebe Yogunlugu,20.0
Thailand,THA,South-East Asia,2020,Hemsire-Ebe Yogunlugu,25.29
Croatia,HRV,Europe,2020,Hemsire-Ebe Yogunlugu,74.98
Serbia,SRB,Europe,2023,Hemsire-Ebe Yogunlugu,70.15
Angola,AGO,Africa,2022,Hemsire-Ebe Yogunlugu,18.73
Guinea-Bissau,GNB,Africa,2023,Hemsire-Ebe Yogunlugu,5.66
Belgium,BEL,Europe,2021,Hemsire-Ebe Yogunlugu,123.46
Cook Islands,COK,Western Pacific,2019,Hemsire-Ebe Yogunlugu,86.96
Slovakia,SVK,Europe,2019,Hemsire-Ebe Yogunlugu,60.62
Marshall Islands,MHL,Western Pacific,2021,Hemsire-Ebe Yogunlugu,48.07
Philippines,PHL,Western Pacific,2021,Hemsire-Ebe Yogunlugu,47.88
Mauritius,MUS,Africa,2023,Hemsire-Ebe Yogunlugu,35.01
United Kingdom of Great Britain and Northern Ireland,GBR,Europe,2023,Hemsire-Ebe Yogunlugu,95.59
Bolivia (Plurinational State of),BOL,Americas,2019,Hemsire-Ebe Yogunlugu,13.95
Kenya,KEN,Africa,2021,Hemsire-Ebe Yogunlugu,6.5
Mexico,MEX,Americas,2023,Hemsire-Ebe Yogunlugu,30.48
United Kingdom of Great Britain and Northern Ireland,GBR,Europe,2021,Hemsire-Ebe Yogunlugu,91.15
Mauritania,MRT,Africa,2019,Hemsire-Ebe Yogunlugu,11.87
Tajikistan,TJK,Europe,2020,Hemsire-Ebe Yogunlugu,65.12
Kyrgyzstan,KGZ,Europe,2021,Hemsire-Ebe Yogunlugu,40.35
Jordan,JOR,Eastern Mediterranean,2023,Hemsire-Ebe Yogunlugu,37.55
Costa Rica,CRI,Americas,2019,Hemsire-Ebe Yogunlugu,29.12
Turkmenistan,TKM,Europe,2020,Hemsire-Ebe Yogunlugu,35.89
Jordan,JOR,Eastern Mediterranean,2021,Hemsire-Ebe Yogunlugu,29.86
Azerbaijan,AZE,Europe,2019,Hemsire-Ebe Yogunlugu,59.14
Timor-Leste,TLS,South-East Asia,2019,Hemsire-Ebe Yogunlugu,17.45
Ireland,IRL,Europe,2023,Hemsire-Ebe Yogunlugu,147.78
San Marino,SMR,Europe,2022,Hemsire-Ebe Yogunlugu,86.8
Ireland,IRL,Europe,2021,Hemsire-Ebe Yogunlugu,136.12
Rwanda,RWA,Africa,2022,Hemsire-Ebe Yogunlugu,11.06
Belize,BLZ,Americas,2020,Hemsire-Ebe Yogunlugu,18.81
Bolivia (Plurinational State of),BOL,Americas,2021,Hemsire-Ebe Yogunlugu,16.24
Uruguay,URY,Americas,2020,Hemsire-Ebe Yogunlugu,73.5
Iceland,ISL,Europe,2021,Hemsire-Ebe Yogunlugu,157.06
Bosnia and Herzegovina,BIH,Europe,2020,Hemsire-Ebe Yogunlugu,64.01
Central African Republic,CAF,Africa,2021,Hemsire-Ebe Yogunlugu,2.04
Uruguay,URY,Americas,2021,Hemsire-Ebe Yogunlugu,72.69
Dominican Republic,DOM,Americas,2019,Hemsire-Ebe Yogunlugu,14.39
Tajikistan,TJK,Europe,2021,Hemsire-Ebe Yogunlugu,65.37
South Africa,ZAF,Africa,2023,Hemsire-Ebe Yogunlugu,42.54
Bhutan,BTN,South-East Asia,2019,Hemsire-Ebe Yogunlugu,18.25
Hungary,HUN,Europe,2020,Hemsire-Ebe Yogunlugu,55.08
Afghanistan,AFG,Eastern Mediterranean,2023,Hemsire-Ebe Yogunlugu,5.49
South Sudan,SSD,Africa,2020,Hemsire-Ebe Yogunlugu,7.06
Netherlands (Kingdom of the),NLD,Europe,2020,Hemsire-Ebe Yogunlugu,112.13
China,CHN,Western Pacific,2021,Hemsire-Ebe Yogunlugu,35.19
Czechia,CZE,Europe,2023,Hemsire-Ebe Yogunlugu,94.24
Dominican Republic,DOM,Americas,2023,Hemsire-Ebe Yogunlugu,20.6
Armenia,ARM,Europe,2022,Hemsire-Ebe Yogunlugu,47.47
Kyrgyzstan,KGZ,Europe,2023,Hemsire-Ebe Yogunlugu,40.76
Oman,OMN,Eastern Mediterranean,2022,Hemsire-Ebe Yogunlugu,46.61
Algeria,DZA,Africa,2022,Hemsire-Ebe Yogunlugu,25.08
Samoa,WSM,Western Pacific,2019,Hemsire-Ebe Yogunlugu,32.32
Ghana,GHA,Africa,2020,Hemsire-Ebe Yogunlugu,30.04
Peru,PER,Americas,2023,Hemsire-Ebe Yogunlugu,27.38
Burkina Faso,BFA,Africa,2020,Hemsire-Ebe Yogunlugu,9.16
Ecuador,ECU,Americas,2020,Hemsire-Ebe Yogunlugu,26.3
Egypt,EGY,Eastern Mediterranean,2020,Hemsire-Ebe Yogunlugu,20.65
Republic of Moldova,MDA,Europe,2022,Hemsire-Ebe Yogunlugu,64.03
Suriname,SUR,Americas,2019,Hemsire-Ebe Yogunlugu,37.69
United Arab Emirates,ARE,Eastern Mediterranean,2022,Hemsire-Ebe Yogunlugu,61.87
Namibia,NAM,Africa,2022,Hemsire-Ebe Yogunlugu,53.86
China,CHN,Western Pacific,2020,Hemsire-Ebe Yogunlugu,33.02
Niger,NER,Africa,2022,Hemsire-Ebe Yogunlugu,2.13
Sierra Leone,SLE,Africa,2022,Hemsire-Ebe Yogunlugu,11.63
United Arab Emirates,ARE,Eastern Mediterranean,2021,Hemsire-Ebe Yogunlugu,61.09
India,IND,South-East Asia,2022,Hemsire-Ebe Yogunlugu,25.35
Uruguay,URY,Americas,2022,Hemsire-Ebe Yogunlugu,73.86
Chile,CHL,Americas,2020,Hemsire-Ebe Yogunlugu,42.91
Serbia,SRB,Europe,2020,Hemsire-Ebe Yogunlugu,63.19
Myanmar,MMR,South-East Asia,2019,Hemsire-Ebe Yogunlugu,11.11
Senegal,SEN,Africa,2022,Hemsire-Ebe Yogunlugu,4.27
Comoros,COM,Africa,2020,Hemsire-Ebe Yogunlugu,15.82
Cabo Verde,CPV,Africa,2023,Hemsire-Ebe Yogunlugu,17.98
Guyana,GUY,Americas,2019,Hemsire-Ebe Yogunlugu,26.27
France,FRA,Europe,2020,Hemsire-Ebe Yogunlugu,94.51
Benin,BEN,Africa,2023,Hemsire-Ebe Yogunlugu,6.11
Mauritius,MUS,Africa,2019,Hemsire-Ebe Yogunlugu,34.94
Montenegro,MNE,Europe,2023,Hemsire-Ebe Yogunlugu,60.8
Burkina Faso,BFA,Africa,2023,Hemsire-Ebe Yogunlugu,9.49
Thailand,THA,South-East Asia,2021,Hemsire-Ebe Yogunlugu,26.34
Romania,ROU,Europe,2020,Hemsire-Ebe Yogunlugu,78.34
Comoros,COM,Africa,2022,Hemsire-Ebe Yogunlugu,16.44
Jamaica,JAM,Americas,2021,Hemsire-Ebe Yogunlugu,17.17
Czechia,CZE,Europe,2022,Hemsire-Ebe Yogunlugu,94.85
Georgia,GEO,Europe,2021,Hemsire-Ebe Yogunlugu,58.28
Gabon,GAB,Africa,2019,Hemsire-Ebe Yogunlugu,23.45
Andorra,AND,Europe,2021,Hemsire-Ebe Yogunlugu,48.21
Barbados,BRB,Americas,2019,Hemsire-Ebe Yogunlugu,48.12
Nepal,NPL,South-East Asia,2019,Hemsire-Ebe Yogunlugu,33.27
Mauritania,MRT,Africa,2022,Hemsire-Ebe Yogunlugu,16.09
Namibia,NAM,Africa,2019,Hemsire-Ebe Yogunlugu,22.29
Thailand,THA,South-East Asia,2023,Hemsire-Ebe Yogunlugu,35.72
Botswana,BWA,Africa,2023,Hemsire-Ebe Yogunlugu,30.18
Cyprus,CYP,Europe,2021,Hemsire-Ebe Yogunlugu,37.87
Canada,CAN,Americas,2019,Hemsire-Ebe Yogunlugu,109.24
Kyrgyzstan,KGZ,Europe,2022,Hemsire-Ebe Yogunlugu,41.18
Sri Lanka,LKA,South-East Asia,2021,Hemsire-Ebe Yogunlugu,23.4
Iceland,ISL,Europe,2023,Hemsire-Ebe Yogunlugu,158.62
Palau,PLW,Western Pacific,2019,Hemsire-Ebe Yogunlugu,66.85
Seychelles,SYC,Africa,2023,Hemsire-Ebe Yogunlugu,73.2
Haiti,HTI,Americas,2022,Hemsire-Ebe Yogunlugu,7.32
Qatar,QAT,Eastern Mediterranean,2023,Hemsire-Ebe Yogunlugu,84.89
Russian Federation,RUS,Europe,2022,Hemsire-Ebe Yogunlugu,70.39
Slovakia,SVK,Europe,2023,Hemsire-Ebe Yogunlugu,59.72
Pakistan,PAK,Eastern Mediterranean,2021,Hemsire-Ebe Yogunlugu,5.2
Syrian Arab Republic,SYR,Eastern Mediterranean,2022,Hemsire-Ebe Yogunlugu,14.35
Slovenia,SVN,Europe,2021,Hemsire-Ebe Yogunlugu,106.22
Zambia,ZMB,Africa,2020,Hemsire-Ebe Yogunlugu,16.26
Botswana,BWA,Africa,2019,Hemsire-Ebe Yogunlugu,33.29
Netherlands (Kingdom of the),NLD,Europe,2023,Hemsire-Ebe Yogunlugu,112.31
Jamaica,JAM,Americas,2022,Hemsire-Ebe Yogunlugu,16.75
Estonia,EST,Europe,2020,Hemsire-Ebe Yogunlugu,67.44
Cambodia,KHM,Western Pacific,2019,Hemsire-Ebe Yogunlugu,10.08
Ethiopia,ETH,Africa,2022,Hemsire-Ebe Yogunlugu,12.22
Tajikistan,TJK,Europe,2022,Hemsire-Ebe Yogunlugu,64.94
Niue,NIU,Western Pacific,2022,Hemsire-Ebe Yogunlugu,94.44
Republic of Korea,KOR,Western Pacific,2020,Hemsire-Ebe Yogunlugu,83.7
San Marino,SMR,Europe,2023,Hemsire-Ebe Yogunlugu,94.36
Germany,DEU,Europe,2019,Hemsire-Ebe Yogunlugu,120.27
Iceland,ISL,Europe,2019,Hemsire-Ebe Yogunlugu,161.55
Türkiye,TUR,Europe,2021,Hemsire-Ebe Yogunlugu,33.49
Canada,CAN,Americas,2020,Hemsire-Ebe Yogunlugu,109.93
Uganda,UGA,Africa,2023,Hemsire-Ebe Yogunlugu,23.22
Argentina,ARG,Americas,2021,Hemsire-Ebe Yogunlugu,67.09
Finland,FIN,Europe,2022,Hemsire-Ebe Yogunlugu,131.99
Republic of Korea,KOR,Western Pacific,2019,Hemsire-Ebe Yogunlugu,79.35
Seychelles,SYC,Africa,2022,Hemsire-Ebe Yogunlugu,72.91
Sao Tome and Principe,STP,Africa,2019,Hemsire-Ebe Yogunlugu,21.65
Serbia,SRB,Europe,2021,Hemsire-Ebe Yogunlugu,65.93
Chile,CHL,Americas,2021,Hemsire-Ebe Yogunlugu,46.1
Kazakhstan,KAZ,Europe,2022,Hemsire-Ebe Yogunlugu,67.12
Czechia,CZE,Europe,2021,Hemsire-Ebe Yogunlugu,93.39
Uzbekistan,UZB,Europe,2023,Hemsire-Ebe Yogunlugu,107.02
Austria,AUT,Europe,2020,Hemsire-Ebe Yogunlugu,107.41
Spain,ESP,Europe,2023,Hemsire-Ebe Yogunlugu,62.21
Norway,NOR,Europe,2023,Hemsire-Ebe Yogunlugu,160.4
Ireland,IRL,Europe,2022,Hemsire-Ebe Yogunlugu,140.94
Portugal,PRT,Europe,2019,Hemsire-Ebe Yogunlugu,73.06
Papua New Guinea,PNG,Western Pacific,2023,Hemsire-Ebe Yogunlugu,8.88
Singapore,SGP,Western Pacific,2020,Hemsire-Ebe Yogunlugu,68.2
Benin,BEN,Africa,2022,Hemsire-Ebe Yogunlugu,5.84
Romania,ROU,Europe,2023,Hemsire-Ebe Yogunlugu,83.34
Philippines,PHL,Western Pacific,2020,Hemsire-Ebe Yogunlugu,47.81
Iceland,ISL,Europe,2020,Hemsire-Ebe Yogunlugu,163.39
Armenia,ARM,Europe,2019,Hemsire-Ebe Yogunlugu,46.88
Bahrain,BHR,Eastern Mediterranean,2020,Hemsire-Ebe Yogunlugu,26.48
Japan,JPN,Western Pacific,2020,Hemsire-Ebe Yogunlugu,123.49
Georgia,GEO,Europe,2022,Hemsire-Ebe Yogunlugu,59.0
United Kingdom of Great Britain and Northern Ireland,GBR,Europe,2019,Hemsire-Ebe Yogunlugu,86.45
Cuba,CUB,Americas,2019,Hemsire-Ebe Yogunlugu,75.18
Mozambique,MOZ,Africa,2022,Hemsire-Ebe Yogunlugu,9.34
Bosnia and Herzegovina,BIH,Europe,2021,Hemsire-Ebe Yogunlugu,66.44
Spain,ESP,Europe,2019,Hemsire-Ebe Yogunlugu,60.37
Syrian Arab Republic,SYR,Eastern Mediterranean,2021,Hemsire-Ebe Yogunlugu,17.57
South Sudan,SSD,Africa,2019,Hemsire-Ebe Yogunlugu,5.85
Dominican Republic,DOM,Americas,2022,Hemsire-Ebe Yogunlugu,20.78
Liberia,LBR,Africa,2022,Hemsire-Ebe Yogunlugu,10.07
Cuba,CUB,Americas,2020,Hemsire-Ebe Yogunlugu,76.03
Palau,PLW,Western Pacific,2022,Hemsire-Ebe Yogunlugu,62.36
China,CHN,Western Pacific,2019,Hemsire-Ebe Yogunlugu,31.23
Cameroon,CMR,Africa,2020,Hemsire-Ebe Yogunlugu,4.86
United Arab Emirates,ARE,Eastern Mediterranean,2019,Hemsire-Ebe Yogunlugu,59.87
Portugal,PRT,Europe,2023,Hemsire-Ebe Yogunlugu,80.09
Syrian Arab Republic,SYR,Eastern Mediterranean,2020,Hemsire-Ebe Yogunlugu,17.19
Japan,JPN,Western Pacific,2022,Hemsire-Ebe Yogunlugu,124.44
Philippines,PHL,Western Pacific,2019,Hemsire-Ebe Yogunlugu,47.89
Oman,OMN,Eastern Mediterranean,2021,Hemsire-Ebe Yogunlugu,45.27
Republic of Moldova,MDA,Europe,2023,Hemsire-Ebe Yogunlugu,63.17
Bangladesh,BGD,South-East Asia,2021,Hemsire-Ebe Yogunlugu,6.19
Botswana,BWA,Africa,2021,Hemsire-Ebe Yogunlugu,32.84
Sierra Leone,SLE,Africa,2019,Hemsire-Ebe Yogunlugu,8.65
Azerbaijan,AZE,Europe,2021,Hemsire-Ebe Yogunlugu,55.73
Singapore,SGP,Western Pacific,2019,Hemsire-Ebe Yogunlugu,65.72
Türkiye,TUR,Europe,2019,Hemsire-Ebe Yogunlugu,29.77
Republic of Moldova,MDA,Europe,2020,Hemsire-Ebe Yogunlugu,61.49
Hungary,HUN,Europe,2023,Hemsire-Ebe Yogunlugu,57.22
Republic of Korea,KOR,Western Pacific,2022,Hemsire-Ebe Yogunlugu,90.86
Cuba,CUB,Americas,2022,Hemsire-Ebe Yogunlugu,71.94
Guyana,GUY,Americas,2023,Hemsire-Ebe Yogunlugu,39.27
China,CHN,Western Pacific,2023,Hemsire-Ebe Yogunlugu,39.63
Mongolia,MNG,Western Pacific,2021,Hemsire-Ebe Yogunlugu,43.69
Nicaragua,NIC,Americas,2021,Hemsire-Ebe Yogunlugu,17.13
Estonia,EST,Europe,2023,Hemsire-Ebe Yogunlugu,70.41
Australia,AUS,Western Pacific,2021,Hemsire-Ebe Yogunlugu,134.61
Bulgaria,BGR,Europe,2019,Hemsire-Ebe Yogunlugu,48.48
Cook Islands,COK,Western Pacific,2020,Hemsire-Ebe Yogunlugu,76.92
Benin,BEN,Africa,2019,Hemsire-Ebe Yogunlugu,5.4
Belize,BLZ,Americas,2019,Hemsire-Ebe Yogunlugu,17.37
Malawi,MWI,Africa,2020,Hemsire-Ebe Yogunlugu,6.94
Mauritius,MUS,Africa,2021,Hemsire-Ebe Yogunlugu,34.28
Papua New Guinea,PNG,Western Pacific,2021,Hemsire-Ebe Yogunlugu,5.08
Costa Rica,CRI,Americas,2022,Hemsire-Ebe Yogunlugu,30.71
Gambia,GMB,Africa,2020,Hemsire-Ebe Yogunlugu,7.03
Colombia,COL,Americas,2019,Hemsire-Ebe Yogunlugu,14.15
Cote d'Ivoire,CIV,Africa,2023,Hemsire-Ebe Yogunlugu,7.93
Germany,DEU,Europe,2022,Hemsire-Ebe Yogunlugu,122.61
Spain,ESP,Europe,2021,Hemsire-Ebe Yogunlugu,64.48
New Zealand,NZL,Western Pacific,2019,Hemsire-Ebe Yogunlugu,107.78
United Kingdom of Great Britain and Northern Ireland,GBR,Europe,2020,Hemsire-Ebe Yogunlugu,89.23
Israel,ISR,Europe,2023,Hemsire-Ebe Yogunlugu,60.17
Mozambique,MOZ,Africa,2019,Hemsire-Ebe Yogunlugu,4.8
Slovenia,SVN,Europe,2022,Hemsire-Ebe Yogunlugu,105.76
Burundi,BDI,Africa,2023,Hemsire-Ebe Yogunlugu,7.94
Nicaragua,NIC,Americas,2022,Hemsire-Ebe Yogunlugu,16.97
Chad,TCD,Africa,2020,Hemsire-Ebe Yogunlugu,1.94
Uruguay,URY,Americas,2019,Hemsire-Ebe Yogunlugu,66.33
Niue,NIU,Western Pacific,2021,Hemsire-Ebe Yogunlugu,94.44
Switzerland,CHE,Europe,2019,Hemsire-Ebe Yogunlugu,182.9
Peru,PER,Americas,2019,Hemsire-Ebe Yogunlugu,21.07
Denmark,DNK,Europe,2021,Hemsire-Ebe Yogunlugu,107.31
Cyprus,CYP,Europe,2019,Hemsire-Ebe Yogunlugu,39.61
Micronesia (Federated States of),FSM,Western Pacific,2019,Hemsire-Ebe Yogunlugu,22.21
Bosnia and Herzegovina,BIH,Europe,2019,Hemsire-Ebe Yogunlugu,64.25
Ukraine,UKR,Europe,2023,Hemsire-Ebe Yogunlugu,60.79
Malta,MLT,Europe,2021,Hemsire-Ebe Yogunlugu,83.87
Belize,BLZ,Americas,2023,Hemsire-Ebe Yogunlugu,20.6
Cyprus,CYP,Europe,2020,Hemsire-Ebe Yogunlugu,38.5
Burundi,BDI,Africa,2020,Hemsire-Ebe Yogunlugu,9.46
Bangladesh,BGD,South-East Asia,2023,Hemsire-Ebe Yogunlugu,6.64
Bhutan,BTN,South-East Asia,2021,Hemsire-Ebe Yogunlugu,22.16
Finland,FIN,Europe,2020,Hemsire-Ebe Yogunlugu,129.38
Australia,AUS,Western Pacific,2022,Hemsire-Ebe Yogunlugu,134.61
Bulgaria,BGR,Europe,2021,Hemsire-Ebe Yogunlugu,46.65
Israel,ISR,Europe,2021,Hemsire-Ebe Yogunlugu,58.55
Sao Tome and Principe,STP,Africa,2022,Hemsire-Ebe Yogunlugu,21.65
Gambia,GMB,Africa,2021,Hemsire-Ebe Yogunlugu,6.92
Spain,ESP,Europe,2020,Hemsire-Ebe Yogunlugu,62.19
Nigeria,NGA,Africa,2021,Hemsire-Ebe Yogunlugu,11.05
Ghana,GHA,Africa,2019,Hemsire-Ebe Yogunlugu,26.38
Maldives,MDV,South-East Asia,2019,Hemsire-Ebe Yogunlugu,52.35
Antigua and Barbuda,ATG,Americas,2019,Hemsire-Ebe Yogunlugu,96.5
Guinea-Bissau,GNB,Africa,2020,Hemsire-Ebe Yogunlugu,7.73
Trinidad and Tobago,TTO,Americas,2019,Hemsire-Ebe Yogunlugu,38.23
Oman,OMN,Eastern Mediterranean,2019,Hemsire-Ebe Yogunlugu,44.27
Democratic Republic of the Congo,COD,Africa,2021,Hemsire-Ebe Yogunlugu,10.47
Dominican Republic,DOM,Americas,2021,Hemsire-Ebe Yogunlugu,20.17
Georgia,GEO,Europe,2020,Hemsire-Ebe Yogunlugu,58.42
Kenya,KEN,Africa,2023,Hemsire-Ebe Yogunlugu,12.52
Nigeria,NGA,Africa,2022,Hemsire-Ebe Yogunlugu,16.47
Luxembourg,LUX,Europe,2020,Hemsire-Ebe Yogunlugu,127.72
Ecuador,ECU,Americas,2019,Hemsire-Ebe Yogunlugu,26.37
Barbados,BRB,Americas,2023,Hemsire-Ebe Yogunlugu,41.37
Israel,ISR,Europe,2022,Hemsire-Ebe Yogunlugu,59.34
Kuwait,KWT,Eastern Mediterranean,2020,Hemsire-Ebe Yogunlugu,77.45
Poland,POL,Europe,2021,Hemsire-Ebe Yogunlugu,63.86
Seychelles,SYC,Africa,2021,Hemsire-Ebe Yogunlugu,50.24
Iraq,IRQ,Eastern Mediterranean,2023,Hemsire-Ebe Yogunlugu,25.71
Latvia,LVA,Europe,2021,Hemsire-Ebe Yogunlugu,43.93
Iran (Islamic Republic of),IRN,Eastern Mediterranean,2023,Hemsire-Ebe Yogunlugu,28.76
Cyprus,CYP,Europe,2022,Hemsire-Ebe Yogunlugu,38.18
Canada,CAN,Americas,2023,Hemsire-Ebe Yogunlugu,112.57
Uzbekistan,UZB,Europe,2020,Hemsire-Ebe Yogunlugu,108.6
Nepal,NPL,South-East Asia,2021,Hemsire-Ebe Yogunlugu,35.55
Republic of Moldova,MDA,Europe,2021,Hemsire-Ebe Yogunlugu,64.96
Iraq,IRQ,Eastern Mediterranean,2021,Hemsire-Ebe Yogunlugu,24.64
Tunisia,TUN,Eastern Mediterranean,2019,Hemsire-Ebe Yogunlugu,21.13
Brazil,BRA,Americas,2023,Hemsire-Ebe Yogunlugu,55.02
Senegal,SEN,Africa,2021,Hemsire-Ebe Yogunlugu,5.35
Seychelles,SYC,Africa,2020,Hemsire-Ebe Yogunlugu,52.12
Bolivia (Plurinational State of),BOL,Americas,2020,Hemsire-Ebe Yogunlugu,14.65
Burkina Faso,BFA,Africa,2021,Hemsire-Ebe Yogunlugu,9.2
Rwanda,RWA,Africa,2020,Hemsire-Ebe Yogunlugu,9.19
Portugal,PRT,Europe,2020,Hemsire-Ebe Yogunlugu,75.0
Kazakhstan,KAZ,Europe,2021,Hemsire-Ebe Yogunlugu,68.02
Belgium,BEL,Europe,2019,Hemsire-Ebe Yogunlugu,122.59
Yemen,YEM,Eastern Mediterranean,2023,Hemsire-Ebe Yogunlugu,5.41
Kyrgyzstan,KGZ,Europe,2020,Hemsire-Ebe Yogunlugu,41.47
Rwanda,RWA,Africa,2023,Hemsire-Ebe Yogunlugu,7.5
Israel,ISR,Europe,2019,Hemsire-Ebe Yogunlugu,55.05
Hungary,HUN,Europe,2021,Hemsire-Ebe Yogunlugu,55.22
Australia,AUS,Western Pacific,2023,Hemsire-Ebe Yogunlugu,139.15
Tonga,TON,Western Pacific,2019,Hemsire-Ebe Yogunlugu,42.86
Switzerland,CHE,Europe,2021,Hemsire-Ebe Yogunlugu,187.29
Gambia,GMB,Africa,2022,Hemsire-Ebe Yogunlugu,6.88
Czechia,CZE,Europe,2020,Hemsire-Ebe Yogunlugu,91.86
Belgium,BEL,Europe,2022,Hemsire-Ebe Yogunlugu,122.92
Myanmar,MMR,South-East Asia,2022,Hemsire-Ebe Yogunlugu,2.05
Peru,PER,Americas,2021,Hemsire-Ebe Yogunlugu,26.57
Togo,TGO,Africa,2019,Hemsire-Ebe Yogunlugu,4.44
Cote d'Ivoire,CIV,Africa,2019,Hemsire-Ebe Yogunlugu,6.45
Kenya,KEN,Africa,2022,Hemsire-Ebe Yogunlugu,11.39
Mozambique,MOZ,Africa,2021,Hemsire-Ebe Yogunlugu,5.74
Tonga,TON,Western Pacific,2021,Hemsire-Ebe Yogunlugu,41.99
Cote d'Ivoire,CIV,Africa,2021,Hemsire-Ebe Yogunlugu,6.76
Fiji,FJI,Western Pacific,2023,Hemsire-Ebe Yogunlugu,21.3
Brunei Darussalam,BRN,Western Pacific,2020,Hemsire-Ebe Yogunlugu,62.07
Azerbaijan,AZE,Europe,2022,Hemsire-Ebe Yogunlugu,55.78
Burundi,BDI,Africa,2022,Hemsire-Ebe Yogunlugu,7.4
Sweden,SWE,Europe,2022,Hemsire-Ebe Yogunlugu,117.41
Ireland,IRL,Europe,2019,Hemsire-Ebe Yogunlugu,154.79
Cote d'Ivoire,CIV,Africa,2022,Hemsire-Ebe Yogunlugu,6.88
Burundi,BDI,Africa,2021,Hemsire-Ebe Yogunlugu,9.63
Latvia,LVA,Europe,2023,Hemsire-Ebe Yogunlugu,43.62
Yemen,YEM,Eastern Mediterranean,2021,Hemsire-Ebe Yogunlugu,6.11
Austria,AUT,Europe,2021,Hemsire-Ebe Yogunlugu,111.81
New Zealand,NZL,Western Pacific,2020,Hemsire-Ebe Yogunlugu,112.01
Estonia,EST,Europe,2022,Hemsire-Ebe Yogunlugu,69.62
Botswana,BWA,Africa,2020,Hemsire-Ebe Yogunlugu,32.85
Australia,AUS,Western Pacific,2020,Hemsire-Ebe Yogunlugu,130.32
Germany,DEU,Europe,2023,Hemsire-Ebe Yogunlugu,123.95
Malta,MLT,Europe,2020,Hemsire-Ebe Yogunlugu,84.62
Togo,TGO,Africa,2020,Hemsire-Ebe Yogunlugu,4.84
Armenia,ARM,Europe,2020,Hemsire-Ebe Yogunlugu,47.63
Saint Lucia,LCA,Americas,2023,Hemsire-Ebe Yogunlugu,53.43
Nigeria,NGA,Africa,2019,Hemsire-Ebe Yogunlugu,10.72
Cabo Verde,CPV,Africa,2019,Hemsire-Ebe Yogunlugu,14.86
Mali,MLI,Africa,2023,Hemsire-Ebe Yogunlugu,2.68
Switzerland,CHE,Europe,2022,Hemsire-Ebe Yogunlugu,187.6
Sweden,SWE,Europe,2021,Hemsire-Ebe Yogunlugu,116.65
Finland,FIN,Europe,2023,Hemsire-Ebe Yogunlugu,130.2
United Republic of Tanzania,TZA,Africa,2022,Hemsire-Ebe Yogunlugu,4.94
Thailand,THA,South-East Asia,2022,Hemsire-Ebe Yogunlugu,26.51
Switzerland,CHE,Europe,2023,Hemsire-Ebe Yogunlugu,191.96
Russian Federation,RUS,Europe,2019,Hemsire-Ebe Yogunlugu,86.35
Rwanda,RWA,Africa,2021,Hemsire-Ebe Yogunlugu,9.5
South Africa,ZAF,Africa,2022,Hemsire-Ebe Yogunlugu,43.7
Netherlands (Kingdom of the),NLD,Europe,2019,Hemsire-Ebe Yogunlugu,108.91
Greece,GRC,Europe,2023,Hemsire-Ebe Yogunlugu,41.28
Indonesia,IDN,Western Pacific,2021,Hemsire-Ebe Yogunlugu,40.52
Eritrea,ERI,Africa,2022,Hemsire-Ebe Yogunlugu,15.43
Gambia,GMB,Africa,2019,Hemsire-Ebe Yogunlugu,4.44
Luxembourg,LUX,Europe,2019,Hemsire-Ebe Yogunlugu,125.36
Greece,GRC,Europe,2022,Hemsire-Ebe Yogunlugu,41.14
Chile,CHL,Americas,2023,Hemsire-Ebe Yogunlugu,54.53
Cameroon,CMR,Africa,2022,Hemsire-Ebe Yogunlugu,6.59
Norway,NOR,Europe,2020,Hemsire-Ebe Yogunlugu,160.38
Djibouti,DJI,Eastern Mediterranean,2022,Hemsire-Ebe Yogunlugu,1.94
Palau,PLW,Western Pacific,2023,Hemsire-Ebe Yogunlugu,66.1
Namibia,NAM,Africa,2021,Hemsire-Ebe Yogunlugu,25.52
Armenia,ARM,Europe,2021,Hemsire-Ebe Yogunlugu,48.45
Zambia,ZMB,Africa,2022,Hemsire-Ebe Yogunlugu,29.36
Argentina,ARG,Americas,2022,Hemsire-Ebe Yogunlugu,68.06
Montenegro,MNE,Europe,2019,Hemsire-Ebe Yogunlugu,53.98
Bangladesh,BGD,South-East Asia,2019,Hemsire-Ebe Yogunlugu,4.77
Mongolia,MNG,Western Pacific,2023,Hemsire-Ebe Yogunlugu,45.62
India,IND,South-East Asia,2023,Hemsire-Ebe Yogunlugu,26.57
Georgia,GEO,Europe,2023,Hemsire-Ebe Yogunlugu,59.67
Indonesia,IDN,Western Pacific,2019,Hemsire-Ebe Yogunlugu,37.81
Lithuania,LTU,Europe,2022,Hemsire-Ebe Yogunlugu,78.43
Egypt,EGY,Eastern Mediterranean,2019,Hemsire-Ebe Yogunlugu,21.15
Trinidad and Tobago,TTO,Americas,2023,Hemsire-Ebe Yogunlugu,41.08
Suriname,SUR,Americas,2021,Hemsire-Ebe Yogunlugu,29.31
Kuwait,KWT,Eastern Mediterranean,2021,Hemsire-Ebe Yogunlugu,74.48
United States of America,USA,Americas,2020,Hemsire-Ebe Yogunlugu,125.73
Malaysia,MYS,Western Pacific,2021,Hemsire-Ebe Yogunlugu,39.68
Poland,POL,Europe,2023,Hemsire-Ebe Yogunlugu,63.11
Bulgaria,BGR,Europe,2020,Hemsire-Ebe Yogunlugu,46.74
Kyrgyzstan,KGZ,Europe,2019,Hemsire-Ebe Yogunlugu,42.4
Zambia,ZMB,Africa,2019,Hemsire-Ebe Yogunlugu,14.18
Panama,PAN,Americas,2019,Hemsire-Ebe Yogunlugu,32.14
Cabo Verde,CPV,Africa,2020,Hemsire-Ebe Yogunlugu,17.25
Pakistan,PAK,Eastern Mediterranean,2019,Hemsire-Ebe Yogunlugu,4.53
South Africa,ZAF,Africa,2021,Hemsire-Ebe Yogunlugu,44.94
United Arab Emirates,ARE,Eastern Mediterranean,2023,Hemsire-Ebe Yogunlugu,61.56
Suriname,SUR,Americas,2023,Hemsire-Ebe Yogunlugu,17.27
Guyana,GUY,Americas,2020,Hemsire-Ebe Yogunlugu,34.39
United States of America,USA,Americas,2021,Hemsire-Ebe Yogunlugu,130.72
Mexico,MEX,Americas,2022,Hemsire-Ebe Yogunlugu,30.28
Jamaica,JAM,Americas,2020,Hemsire-Ebe Yogunlugu,16.4
Luxembourg,LUX,Europe,2022,Hemsire-Ebe Yogunlugu,137.07
Democratic People's Republic of Korea,PRK,South-East Asia,2019,Hemsire-Ebe Yogunlugu,43.9
Guinea-Bissau,GNB,Africa,2021,Hemsire-Ebe Yogunlugu,10.31
Tuvalu,TUV,Western Pacific,2020,Hemsire-Ebe Yogunlugu,39.42
Sri Lanka,LKA,South-East Asia,2020,Hemsire-Ebe Yogunlugu,23.68
Democratic Republic of the Congo,COD,Africa,2022,Hemsire-Ebe Yogunlugu,11.68
Guatemala,GTM,Americas,2020,Hemsire-Ebe Yogunlugu,23.08
Kenya,KEN,Africa,2020,Hemsire-Ebe Yogunlugu,5.9
Sri Lanka,LKA,South-East Asia,2019,Hemsire-Ebe Yogunlugu,21.51
Qatar,QAT,Eastern Mediterranean,2019,Hemsire-Ebe Yogunlugu,81.08
Lithuania,LTU,Europe,2023,Hemsire-Ebe Yogunlugu,77.9
Kazakhstan,KAZ,Europe,2020,Hemsire-Ebe Yogunlugu,67.6
Turkmenistan,TKM,Europe,2023,Hemsire-Ebe Yogunlugu,34.88
Brazil,BRA,Americas,2021,Hemsire-Ebe Yogunlugu,56.38
Niger,NER,Africa,2023,Hemsire-Ebe Yogunlugu,4.21
Argentina,ARG,Americas,2019,Hemsire-Ebe Yogunlugu,63.31
Saint Vincent and the Grenadines,VCT,Americas,2022,Hemsire-Ebe Yogunlugu,80.98
Saudi Arabia,SAU,Eastern Mediterranean,2021,Hemsire-Ebe Yogunlugu,64.32
Timor-Leste,TLS,South-East Asia,2020,Hemsire-Ebe Yogunlugu,17.38
Montenegro,MNE,Europe,2022,Hemsire-Ebe Yogunlugu,61.15
Chile,CHL,Americas,2022,Hemsire-Ebe Yogunlugu,49.81
Brunei Darussalam,BRN,Western Pacific,2023,Hemsire-Ebe Yogunlugu,65.64
Saint Vincent and the Grenadines,VCT,Americas,2020,Hemsire-Ebe Yogunlugu,41.64
Tajikistan,TJK,Europe,2019,Hemsire-Ebe Yogunlugu,50.37
Togo,TGO,Africa,2022,Hemsire-Ebe Yogunlugu,4.94
Barbados,BRB,Americas,2020,Hemsire-Ebe Yogunlugu,44.13
Belize,BLZ,Americas,2022,Hemsire-Ebe Yogunlugu,23.24
Malaysia,MYS,Western Pacific,2020,Hemsire-Ebe Yogunlugu,39.03
Nigeria,NGA,Africa,2020,Hemsire-Ebe Yogunlugu,3.94
Bangladesh,BGD,South-East Asia,2022,Hemsire-Ebe Yogunlugu,6.22
Greece,GRC,Europe,2021,Hemsire-Ebe Yogunlugu,40.34
Saudi Arabia,SAU,Eastern Mediterranean,2023,Hemsire-Ebe Yogunlugu,65.57
Burkina Faso,BFA,Africa,2022,Hemsire-Ebe Yogunlugu,10.97
Chile,CHL,Americas,2019,Hemsire-Ebe Yogunlugu,36.36
Bangladesh,BGD,South-East Asia,2020,Hemsire-Ebe Yogunlugu,5.48
Malta,MLT,Europe,2022,Hemsire-Ebe Yogunlugu,83.4
Romania,ROU,Europe,2022,Hemsire-Ebe Yogunlugu,82.53
Ethiopia,ETH,Africa,2021,Hemsire-Ebe Yogunlugu,7.38
Georgia,GEO,Europe,2019,Hemsire-Ebe Yogunlugu,53.09
Croatia,HRV,Europe,2021,Hemsire-Ebe Yogunlugu,79.49
Slovenia,SVN,Europe,2020,Hemsire-Ebe Yogunlugu,106.12
Grenada,GRD,Americas,2023,Hemsire-Ebe Yogunlugu,45.77
Iraq,IRQ,Eastern Mediterranean,2022,Hemsire-Ebe Yogunlugu,26.48
Russian Federation,RUS,Europe,2020,Hemsire-Ebe Yogunlugu,85.11
Kuwait,KWT,Eastern Mediterranean,2019,Hemsire-Ebe Yogunlugu,69.14
United States of America,USA,Americas,2019,Hemsire-Ebe Yogunlugu,129.42
Lithuania,LTU,Europe,2021,Hemsire-Ebe Yogunlugu,82.13
Paraguay,PRY,Americas,2022,Hemsire-Ebe Yogunlugu,94.09
North Macedonia,MKD,Europe,2019,Hemsire-Ebe Yogunlugu,54.5
Austria,AUT,Europe,2022,Hemsire-Ebe Yogunlugu,112.8
Ireland,IRL,Europe,2020,Hemsire-Ebe Yogunlugu,182.91
Indonesia,IDN,Western Pacific,2023,Hemsire-Ebe Yogunlugu,32.4
Morocco,MAR,Eastern Mediterranean,2023,Hemsire-Ebe Yogunlugu,8.69
Latvia,LVA,Europe,2019,Hemsire-Ebe Yogunlugu,45.99
Niue,NIU,Western Pacific,2023,Hemsire-Ebe Yogunlugu,77.78
Honduras,HND,Americas,2023,Hemsire-Ebe Yogunlugu,7.35
Norway,NOR,Europe,2019,Hemsire-Ebe Yogunlugu,159.28
Italy,ITA,Europe,2021,Hemsire-Ebe Yogunlugu,70.15
Saudi Arabia,SAU,Eastern Mediterranean,2020,Hemsire-Ebe Yogunlugu,63.47
Uzbekistan,UZB,Europe,2021,Hemsire-Ebe Yogunlugu,107.78
Slovenia,SVN,Europe,2019,Hemsire-Ebe Yogunlugu,104.33
Namibia,NAM,Africa,2023,Hemsire-Ebe Yogunlugu,39.17
Slovakia,SVK,Europe,2020,Hemsire-Ebe Yogunlugu,61.19
Mexico,MEX,Americas,2021,Hemsire-Ebe Yogunlugu,29.69
France,FRA,Europe,2021,Hemsire-Ebe Yogunlugu,94.22
South Africa,ZAF,Africa,2019,Hemsire-Ebe Yogunlugu,47.8
Panama,PAN,Americas,2020,Hemsire-Ebe Yogunlugu,35.4
Montenegro,MNE,Europe,2021,Hemsire-Ebe Yogunlugu,59.02
Zambia,ZMB,Africa,2023,Hemsire-Ebe Yogunlugu,17.17
Saint Vincent and the Grenadines,VCT,Americas,2023,Hemsire-Ebe Yogunlugu,80.16
Jordan,JOR,Eastern Mediterranean,2019,Hemsire-Ebe Yogunlugu,31.68
Mexico,MEX,Americas,2019,Hemsire-Ebe Yogunlugu,28.65
Montenegro,MNE,Europe,2020,Hemsire-Ebe Yogunlugu,55.5
Uganda,UGA,Africa,2020,Hemsire-Ebe Yogunlugu,16.84
Equatorial Guinea,GNQ,Africa,2022,Hemsire-Ebe Yogunlugu,13.75
Barbados,BRB,Americas,2022,Hemsire-Ebe Yogunlugu,41.76
Belarus,BLR,Europe,2023,Hemsire-Ebe Yogunlugu,108.15
Belarus,BLR,Europe,2022,Hemsire-Ebe Yogunlugu,107.28
Gabon,GAB,Africa,2020,Hemsire-Ebe Yogunlugu,26.45
Mali,MLI,Africa,2022,Hemsire-Ebe Yogunlugu,4.16
Guatemala,GTM,Americas,2023,Hemsire-Ebe Yogunlugu,22.73
Latvia,LVA,Europe,2022,Hemsire-Ebe Yogunlugu,43.74
Andorra,AND,Europe,2019,Hemsire-Ebe Yogunlugu,48.24
Republic of Moldova,MDA,Europe,2019,Hemsire-Ebe Yogunlugu,61.39
Uruguay,URY,Americas,2022,DTP3 Asi Orani,94.0
Belgium,BEL,Europe,2022,DTP3 Asi Orani,98.0
Papua New Guinea,PNG,Western Pacific,2023,DTP3 Asi Orani,35.0
Honduras,HND,Americas,2021,DTP3 Asi Orani,77.0
Nepal,NPL,South-East Asia,2019,DTP3 Asi Orani,93.0
Guyana,GUY,Americas,2020,DTP3 Asi Orani,99.0
Republic of Korea,KOR,Western Pacific,2023,DTP3 Asi Orani,98.0
Tonga,TON,Western Pacific,2022,DTP3 Asi Orani,99.0
Italy,ITA,Europe,2019,DTP3 Asi Orani,96.0
Saint Kitts and Nevis,KNA,Americas,2023,DTP3 Asi Orani,96.0
Tonga,TON,Western Pacific,2021,DTP3 Asi Orani,99.0
Chad,TCD,Africa,2022,DTP3 Asi Orani,66.0
Bolivia (Plurinational State of),BOL,Americas,2020,DTP3 Asi Orani,68.0
Niger,NER,Africa,2020,DTP3 Asi Orani,81.0
Somalia,SOM,Eastern Mediterranean,2019,DTP3 Asi Orani,57.0
Netherlands (Kingdom of the),NLD,Europe,2020,DTP3 Asi Orani,94.0
Finland,FIN,Europe,2023,DTP3 Asi Orani,91.0
Equatorial Guinea,GNQ,Africa,2019,DTP3 Asi Orani,62.0
Iceland,ISL,Europe,2019,DTP3 Asi Orani,93.0
Argentina,ARG,Americas,2021,DTP3 Asi Orani,81.0
Ethiopia,ETH,Africa,2021,DTP3 Asi Orani,63.0
Bahamas,BHS,Americas,2022,DTP3 Asi Orani,87.0
"occupied Palestinian territory, including east Jerusalem",PSE,Eastern Mediterranean,2023,DTP3 Asi Orani,88.0
Czechia,CZE,Europe,2022,DTP3 Asi Orani,94.0
Poland,POL,Europe,2020,DTP3 Asi Orani,94.0
Jamaica,JAM,Americas,2023,DTP3 Asi Orani,99.0
Kiribati,KIR,Western Pacific,2019,DTP3 Asi Orani,97.0
Madagascar,MDG,Africa,2019,DTP3 Asi Orani,69.0
Greece,GRC,Europe,2019,DTP3 Asi Orani,99.0
Thailand,THA,South-East Asia,2022,DTP3 Asi Orani,92.0
Bosnia and Herzegovina,BIH,Europe,2022,DTP3 Asi Orani,75.0
Croatia,HRV,Europe,2022,DTP3 Asi Orani,92.0
Gabon,GAB,Africa,2022,DTP3 Asi Orani,60.0
Antigua and Barbuda,ATG,Americas,2022,DTP3 Asi Orani,99.0
Viet Nam,VNM,Western Pacific,2023,DTP3 Asi Orani,65.0
Canada,CAN,Americas,2023,DTP3 Asi Orani,92.0
Guyana,GUY,Americas,2021,DTP3 Asi Orani,98.0
Uganda,UGA,Africa,2019,DTP3 Asi Orani,93.0
Solomon Islands,SLB,Western Pacific,2022,DTP3 Asi Orani,89.0
Guinea,GIN,Africa,2022,DTP3 Asi Orani,58.0
Mauritania,MRT,Africa,2019,DTP3 Asi Orani,80.0
Turkmenistan,TKM,Europe,2020,DTP3 Asi Orani,98.0
Eritrea,ERI,Africa,2019,DTP3 Asi Orani,95.0
Maldives,MDV,South-East Asia,2023,DTP3 Asi Orani,98.0
Türkiye,TUR,Europe,2019,DTP3 Asi Orani,99.0
Andorra,AND,Europe,2019,DTP3 Asi Orani,99.0
Montenegro,MNE,Europe,2021,DTP3 Asi Orani,83.0
Iraq,IRQ,Eastern Mediterranean,2022,DTP3 Asi Orani,93.0
Oman,OMN,Eastern Mediterranean,2021,DTP3 Asi Orani,99.0
Finland,FIN,Europe,2020,DTP3 Asi Orani,89.0
Dominican Republic,DOM,Americas,2019,DTP3 Asi Orani,89.0
Indonesia,IDN,Western Pacific,2022,DTP3 Asi Orani,91.0
Romania,ROU,Europe,2019,DTP3 Asi Orani,88.0
Croatia,HRV,Europe,2020,DTP3 Asi Orani,94.0
Belgium,BEL,Europe,2019,DTP3 Asi Orani,97.0
Uruguay,URY,Americas,2019,DTP3 Asi Orani,94.0
Papua New Guinea,PNG,Western Pacific,2021,DTP3 Asi Orani,32.0
Israel,ISR,Europe,2023,DTP3 Asi Orani,98.0
Republic of Moldova,MDA,Europe,2022,DTP3 Asi Orani,88.0
Slovakia,SVK,Europe,2021,DTP3 Asi Orani,97.0
Fiji,FJI,Western Pacific,2019,DTP3 Asi Orani,97.0
Eswatini,SWZ,Africa,2019,DTP3 Asi Orani,90.0
Mongolia,MNG,Western Pacific,2021,DTP3 Asi Orani,95.0
Mauritania,MRT,Africa,2022,DTP3 Asi Orani,85.0
Lithuania,LTU,Europe,2019,DTP3 Asi Orani,92.0
Vanuatu,VUT,Western Pacific,2023,DTP3 Asi Orani,72.0
Nauru,NRU,Western Pacific,2020,DTP3 Asi Orani,95.0
Japan,JPN,Western Pacific,2022,DTP3 Asi Orani,99.0
Guatemala,GTM,Americas,2020,DTP3 Asi Orani,90.0
Italy,ITA,Europe,2023,DTP3 Asi Orani,95.0
Afghanistan,AFG,Eastern Mediterranean,2022,DTP3 Asi Orani,58.0
Dominica,DMA,Americas,2021,DTP3 Asi Orani,92.0
Ukraine,UKR,Europe,2022,DTP3 Asi Orani,73.0
Qatar,QAT,Eastern Mediterranean,2023,DTP3 Asi Orani,95.0
Austria,AUT,Europe,2020,DTP3 Asi Orani,85.0
Cameroon,CMR,Africa,2023,DTP3 Asi Orani,75.0
Belgium,BEL,Europe,2021,DTP3 Asi Orani,98.0
Philippines,PHL,Western Pacific,2021,DTP3 Asi Orani,69.0
Sao Tome and Principe,STP,Africa,2019,DTP3 Asi Orani,95.0
Belize,BLZ,Americas,2022,DTP3 Asi Orani,84.0
Norway,NOR,Europe,2023,DTP3 Asi Orani,96.0
Estonia,EST,Europe,2023,DTP3 Asi Orani,84.0
Peru,PER,Americas,2022,DTP3 Asi Orani,82.0
Seychelles,SYC,Africa,2020,DTP3 Asi Orani,97.0
Serbia,SRB,Europe,2022,DTP3 Asi Orani,92.0
El Salvador,SLV,Americas,2021,DTP3 Asi Orani,97.0
Latvia,LVA,Europe,2022,DTP3 Asi Orani,95.0
South Africa,ZAF,Africa,2021,DTP3 Asi Orani,86.0
Yemen,YEM,Eastern Mediterranean,2021,DTP3 Asi Orani,56.0
Luxembourg,LUX,Europe,2022,DTP3 Asi Orani,99.0
Chad,TCD,Africa,2020,DTP3 Asi Orani,55.0
Luxembourg,LUX,Europe,2023,DTP3 Asi Orani,99.0
Congo,COG,Africa,2020,DTP3 Asi Orani,73.0
Papua New Guinea,PNG,Western Pacific,2020,DTP3 Asi Orani,40.0
Equatorial Guinea,GNQ,Africa,2022,DTP3 Asi Orani,70.0
France,FRA,Europe,2019,DTP3 Asi Orani,95.0
Malawi,MWI,Africa,2019,DTP3 Asi Orani,95.0
Cabo Verde,CPV,Africa,2019,DTP3 Asi Orani,96.0
Ireland,IRL,Europe,2023,DTP3 Asi Orani,93.0
Portugal,PRT,Europe,2021,DTP3 Asi Orani,99.0
Mexico,MEX,Americas,2020,DTP3 Asi Orani,72.0
Djibouti,DJI,Eastern Mediterranean,2021,DTP3 Asi Orani,59.0
Russian Federation,RUS,Europe,2020,DTP3 Asi Orani,97.0
Seychelles,SYC,Africa,2023,DTP3 Asi Orani,97.0
Azerbaijan,AZE,Europe,2019,DTP3 Asi Orani,74.0
Benin,BEN,Africa,2020,DTP3 Asi Orani,70.0
Democratic People's Republic of Korea,PRK,South-East Asia,2020,DTP3 Asi Orani,97.0
Jamaica,JAM,Americas,2021,DTP3 Asi Orani,90.0
Germany,DEU,Europe,2023,DTP3 Asi Orani,89.0
Morocco,MAR,Eastern Mediterranean,2022,DTP3 Asi Orani,98.0
Switzerland,CHE,Europe,2023,DTP3 Asi Orani,95.0
Zambia,ZMB,Africa,2023,DTP3 Asi Orani,90.0
Spain,ESP,Europe,2020,DTP3 Asi Orani,94.0
Algeria,DZA,Africa,2020,DTP3 Asi Orani,84.0
Serbia,SRB,Europe,2023,DTP3 Asi Orani,93.0
Rwanda,RWA,Africa,2020,DTP3 Asi Orani,91.0
Somalia,SOM,Eastern Mediterranean,2020,DTP3 Asi Orani,55.0
Bahamas,BHS,Americas,2021,DTP3 Asi Orani,86.0
Singapore,SGP,Western Pacific,2020,DTP3 Asi Orani,98.0
Nepal,NPL,South-East Asia,2020,DTP3 Asi Orani,84.0
Bulgaria,BGR,Europe,2022,DTP3 Asi Orani,91.0
Seychelles,SYC,Africa,2019,DTP3 Asi Orani,99.0
Pakistan,PAK,Eastern Mediterranean,2022,DTP3 Asi Orani,85.0
Lao People's Democratic Republic,LAO,Western Pacific,2019,DTP3 Asi Orani,66.0
United Kingdom of Great Britain and Northern Ireland,GBR,Europe,2022,DTP3 Asi Orani,92.0
Burkina Faso,BFA,Africa,2021,DTP3 Asi Orani,91.0
Serbia,SRB,Europe,2020,DTP3 Asi Orani,92.0
Equatorial Guinea,GNQ,Africa,2021,DTP3 Asi Orani,67.0
Iceland,ISL,Europe,2023,DTP3 Asi Orani,92.0
Myanmar,MMR,South-East Asia,2020,DTP3 Asi Orani,84.0
Greece,GRC,Europe,2021,DTP3 Asi Orani,99.0
Norway,NOR,Europe,2021,DTP3 Asi Orani,97.0
Central African Republic,CAF,Africa,2019,DTP3 Asi Orani,38.0
Somalia,SOM,Eastern Mediterranean,2021,DTP3 Asi Orani,62.0
United Kingdom of Great Britain and Northern Ireland,GBR,Europe,2019,DTP3 Asi Orani,93.0
Kuwait,KWT,Eastern Mediterranean,2019,DTP3 Asi Orani,92.0
Chile,CHL,Americas,2021,DTP3 Asi Orani,95.0
Guatemala,GTM,Americas,2021,DTP3 Asi Orani,80.0
Saint Lucia,LCA,Americas,2022,DTP3 Asi Orani,81.0
China,CHN,Western Pacific,2020,DTP3 Asi Orani,99.0
Sierra Leone,SLE,Africa,2022,DTP3 Asi Orani,91.0
Lao People's Democratic Republic,LAO,Western Pacific,2023,DTP3 Asi Orani,74.0
Netherlands (Kingdom of the),NLD,Europe,2022,DTP3 Asi Orani,93.0
Micronesia (Federated States of),FSM,Western Pacific,2020,DTP3 Asi Orani,83.0
Bahrain,BHR,Eastern Mediterranean,2021,DTP3 Asi Orani,98.0
Uzbekistan,UZB,Europe,2019,DTP3 Asi Orani,96.0
Fiji,FJI,Western Pacific,2021,DTP3 Asi Orani,98.0
Antigua and Barbuda,ATG,Americas,2020,DTP3 Asi Orani,96.0
Denmark,DNK,Europe,2021,DTP3 Asi Orani,97.0
Solomon Islands,SLB,Western Pacific,2019,DTP3 Asi Orani,94.0
Israel,ISR,Europe,2021,DTP3 Asi Orani,98.0
Haiti,HTI,Americas,2019,DTP3 Asi Orani,54.0
Guinea,GIN,Africa,2019,DTP3 Asi Orani,53.0
Djibouti,DJI,Eastern Mediterranean,2022,DTP3 Asi Orani,59.0
Argentina,ARG,Americas,2023,DTP3 Asi Orani,66.0
Belarus,BLR,Europe,2020,DTP3 Asi Orani,97.0
Papua New Guinea,PNG,Western Pacific,2022,DTP3 Asi Orani,37.0
Sao Tome and Principe,STP,Africa,2022,DTP3 Asi Orani,92.0
Montenegro,MNE,Europe,2020,DTP3 Asi Orani,84.0
Gambia,GMB,Africa,2019,DTP3 Asi Orani,88.0
Tajikistan,TJK,Europe,2021,DTP3 Asi Orani,97.0
Mongolia,MNG,Western Pacific,2023,DTP3 Asi Orani,96.0
Liberia,LBR,Africa,2020,DTP3 Asi Orani,66.0
Libya,LBY,Eastern Mediterranean,2019,DTP3 Asi Orani,73.0
Nepal,NPL,South-East Asia,2022,DTP3 Asi Orani,90.0
El Salvador,SLV,Americas,2020,DTP3 Asi Orani,89.0
Niue,NIU,Western Pacific,2022,DTP3 Asi Orani,99.0
Estonia,EST,Europe,2022,DTP3 Asi Orani,87.0
Malawi,MWI,Africa,2021,DTP3 Asi Orani,93.0
Thailand,THA,South-East Asia,2021,DTP3 Asi Orani,92.0
North Macedonia,MKD,Europe,2020,DTP3 Asi Orani,84.0
Lesotho,LSO,Africa,2023,DTP3 Asi Orani,90.0
Libya,LBY,Eastern Mediterranean,2022,DTP3 Asi Orani,73.0
Afghanistan,AFG,Eastern Mediterranean,2020,DTP3 Asi Orani,61.0
Kyrgyzstan,KGZ,Europe,2019,DTP3 Asi Orani,95.0
Spain,ESP,Europe,2019,DTP3 Asi Orani,95.0
Kiribati,KIR,Western Pacific,2021,DTP3 Asi Orani,90.0
Sao Tome and Principe,STP,Africa,2020,DTP3 Asi Orani,96.0
Tonga,TON,Western Pacific,2020,DTP3 Asi Orani,99.0
Ecuador,ECU,Americas,2022,DTP3 Asi Orani,70.0
Slovenia,SVN,Europe,2021,DTP3 Asi Orani,86.0
Turkmenistan,TKM,Europe,2019,DTP3 Asi Orani,99.0
Ecuador,ECU,Americas,2020,DTP3 Asi Orani,70.0
Sri Lanka,LKA,South-East Asia,2019,DTP3 Asi Orani,99.0
Algeria,DZA,Africa,2019,DTP3 Asi Orani,88.0
Tuvalu,TUV,Western Pacific,2019,DTP3 Asi Orani,92.0
Haiti,HTI,Americas,2020,DTP3 Asi Orani,58.0
Samoa,WSM,Western Pacific,2020,DTP3 Asi Orani,89.0
Uzbekistan,UZB,Europe,2022,DTP3 Asi Orani,99.0
San Marino,SMR,Europe,2022,DTP3 Asi Orani,92.0
Saint Kitts and Nevis,KNA,Americas,2020,DTP3 Asi Orani,99.0
Namibia,NAM,Africa,2019,DTP3 Asi Orani,87.0
Pakistan,PAK,Eastern Mediterranean,2020,DTP3 Asi Orani,80.0
Canada,CAN,Americas,2022,DTP3 Asi Orani,92.0
Democratic People's Republic of Korea,PRK,South-East Asia,2021,DTP3 Asi Orani,99.0
Denmark,DNK,Europe,2020,DTP3 Asi Orani,97.0
"occupied Palestinian territory, including east Jerusalem",PSE,Eastern Mediterranean,2021,DTP3 Asi Orani,95.0
Brunei Darussalam,BRN,Western Pacific,2020,DTP3 Asi Orani,99.0
Gambia,GMB,Africa,2022,DTP3 Asi Orani,79.0
Malaysia,MYS,Western Pacific,2019,DTP3 Asi Orani,98.0
Grenada,GRD,Americas,2020,DTP3 Asi Orani,72.0
Dominican Republic,DOM,Americas,2020,DTP3 Asi Orani,82.0
New Zealand,NZL,Western Pacific,2022,DTP3 Asi Orani,89.0
Madagascar,MDG,Africa,2023,DTP3 Asi Orani,65.0
Greece,GRC,Europe,2023,DTP3 Asi Orani,95.0
Luxembourg,LUX,Europe,2020,DTP3 Asi Orani,99.0
France,FRA,Europe,2020,DTP3 Asi Orani,96.0
Chile,CHL,Americas,2019,DTP3 Asi Orani,96.0
Oman,OMN,Eastern Mediterranean,2023,DTP3 Asi Orani,99.0
Montenegro,MNE,Europe,2022,DTP3 Asi Orani,80.0
Serbia,SRB,Europe,2019,DTP3 Asi Orani,97.0
Georgia,GEO,Europe,2023,DTP3 Asi Orani,88.0
Lithuania,LTU,Europe,2021,DTP3 Asi Orani,90.0
Morocco,MAR,Eastern Mediterranean,2020,DTP3 Asi Orani,99.0
Guatemala,GTM,Americas,2019,DTP3 Asi Orani,88.0
Madagascar,MDG,Africa,2022,DTP3 Asi Orani,57.0
Seychelles,SYC,Africa,2022,DTP3 Asi Orani,97.0
Republic of Korea,KOR,Western Pacific,2019,DTP3 Asi Orani,98.0
Brazil,BRA,Americas,2020,DTP3 Asi Orani,77.0
Belize,BLZ,Americas,2023,DTP3 Asi Orani,85.0
Syrian Arab Republic,SYR,Eastern Mediterranean,2022,DTP3 Asi Orani,59.0
Guyana,GUY,Americas,2019,DTP3 Asi Orani,99.0
Austria,AUT,Europe,2021,DTP3 Asi Orani,86.0
Türkiye,TUR,Europe,2023,DTP3 Asi Orani,99.0
Pakistan,PAK,Eastern Mediterranean,2023,DTP3 Asi Orani,86.0
Qatar,QAT,Eastern Mediterranean,2019,DTP3 Asi Orani,98.0
Uganda,UGA,Africa,2020,DTP3 Asi Orani,89.0
Ghana,GHA,Africa,2019,DTP3 Asi Orani,97.0
Trinidad and Tobago,TTO,Americas,2019,DTP3 Asi Orani,93.0
Sweden,SWE,Europe,2020,DTP3 Asi Orani,97.0
Cook Islands,COK,Western Pacific,2021,DTP3 Asi Orani,81.0
Liberia,LBR,Africa,2021,DTP3 Asi Orani,67.0
Gambia,GMB,Africa,2023,DTP3 Asi Orani,84.0
Croatia,HRV,Europe,2021,DTP3 Asi Orani,92.0
Grenada,GRD,Americas,2019,DTP3 Asi Orani,94.0
South Sudan,SSD,Africa,2020,DTP3 Asi Orani,67.0
Canada,CAN,Americas,2019,DTP3 Asi Orani,91.0
Cambodia,KHM,Western Pacific,2023,DTP3 Asi Orani,84.0
Saint Lucia,LCA,Americas,2021,DTP3 Asi Orani,80.0
Solomon Islands,SLB,Western Pacific,2021,DTP3 Asi Orani,87.0
Botswana,BWA,Africa,2019,DTP3 Asi Orani,95.0
Israel,ISR,Europe,2020,DTP3 Asi Orani,98.0
South Sudan,SSD,Africa,2023,DTP3 Asi Orani,73.0
Australia,AUS,Western Pacific,2019,DTP3 Asi Orani,95.0
Denmark,DNK,Europe,2023,DTP3 Asi Orani,97.0
Comoros,COM,Africa,2023,DTP3 Asi Orani,75.0
Albania,ALB,Europe,2021,DTP3 Asi Orani,98.0
Costa Rica,CRI,Americas,2020,DTP3 Asi Orani,97.0
Rwanda,RWA,Africa,2021,DTP3 Asi Orani,88.0
Lao People's Democratic Republic,LAO,Western Pacific,2020,DTP3 Asi Orani,61.0
Bolivia (Plurinational State of),BOL,Americas,2021,DTP3 Asi Orani,70.0
Malawi,MWI,Africa,2022,DTP3 Asi Orani,86.0
Saudi Arabia,SAU,Eastern Mediterranean,2023,DTP3 Asi Orani,97.0
Lithuania,LTU,Europe,2022,DTP3 Asi Orani,90.0
Saint Lucia,LCA,Americas,2019,DTP3 Asi Orani,92.0
Jamaica,JAM,Americas,2022,DTP3 Asi Orani,98.0
Uruguay,URY,Americas,2023,DTP3 Asi Orani,95.0
Burkina Faso,BFA,Africa,2019,DTP3 Asi Orani,91.0
Norway,NOR,Europe,2022,DTP3 Asi Orani,97.0
Serbia,SRB,Europe,2021,DTP3 Asi Orani,91.0
Viet Nam,VNM,Western Pacific,2019,DTP3 Asi Orani,89.0
Ethiopia,ETH,Africa,2019,DTP3 Asi Orani,61.0
Barbados,BRB,Americas,2021,DTP3 Asi Orani,82.0
Belgium,BEL,Europe,2023,DTP3 Asi Orani,98.0
Gabon,GAB,Africa,2020,DTP3 Asi Orani,63.0
Cameroon,CMR,Africa,2021,DTP3 Asi Orani,71.0
Tuvalu,TUV,Western Pacific,2022,DTP3 Asi Orani,91.0
Slovenia,SVN,Europe,2023,DTP3 Asi Orani,89.0
Latvia,LVA,Europe,2019,DTP3 Asi Orani,99.0
Albania,ALB,Europe,2019,DTP3 Asi Orani,99.0
Switzerland,CHE,Europe,2022,DTP3 Asi Orani,96.0
Libya,LBY,Eastern Mediterranean,2021,DTP3 Asi Orani,73.0
Belarus,BLR,Europe,2021,DTP3 Asi Orani,98.0
Guinea,GIN,Africa,2020,DTP3 Asi Orani,54.0
Malta,MLT,Europe,2021,DTP3 Asi Orani,99.0
Venezuela (Bolivarian Republic of),VEN,Americas,2021,DTP3 Asi Orani,56.0
Bhutan,BTN,South-East Asia,2019,DTP3 Asi Orani,97.0
Gabon,GAB,Africa,2019,DTP3 Asi Orani,70.0
Yemen,YEM,Eastern Mediterranean,2023,DTP3 Asi Orani,46.0
Ireland,IRL,Europe,2021,DTP3 Asi Orani,94.0
Italy,ITA,Europe,2022,DTP3 Asi Orani,95.0
Dominican Republic,DOM,Americas,2021,DTP3 Asi Orani,84.0
Tonga,TON,Western Pacific,2023,DTP3 Asi Orani,99.0
Bhutan,BTN,South-East Asia,2021,DTP3 Asi Orani,98.0
Zambia,ZMB,Africa,2021,DTP3 Asi Orani,91.0
Libya,LBY,Eastern Mediterranean,2023,DTP3 Asi Orani,73.0
Marshall Islands,MHL,Western Pacific,2020,DTP3 Asi Orani,82.0
Bangladesh,BGD,South-East Asia,2020,DTP3 Asi Orani,97.0
Comoros,COM,Africa,2021,DTP3 Asi Orani,72.0
Guinea-Bissau,GNB,Africa,2022,DTP3 Asi Orani,74.0
Tuvalu,TUV,Western Pacific,2021,DTP3 Asi Orani,94.0
Philippines,PHL,Western Pacific,2022,DTP3 Asi Orani,84.0
Tajikistan,TJK,Europe,2020,DTP3 Asi Orani,97.0
Viet Nam,VNM,Western Pacific,2021,DTP3 Asi Orani,83.0
Georgia,GEO,Europe,2019,DTP3 Asi Orani,94.0
Hungary,HUN,Europe,2019,DTP3 Asi Orani,99.0
Guinea,GIN,Africa,2023,DTP3 Asi Orani,60.0
Croatia,HRV,Europe,2019,DTP3 Asi Orani,94.0
Barbados,BRB,Americas,2020,DTP3 Asi Orani,85.0
Cote d'Ivoire,CIV,Africa,2019,DTP3 Asi Orani,79.0
Syrian Arab Republic,SYR,Eastern Mediterranean,2019,DTP3 Asi Orani,67.0
Chile,CHL,Americas,2023,DTP3 Asi Orani,96.0
Israel,ISR,Europe,2022,DTP3 Asi Orani,98.0
Trinidad and Tobago,TTO,Americas,2021,DTP3 Asi Orani,94.0
Jamaica,JAM,Americas,2020,DTP3 Asi Orani,96.0
Trinidad and Tobago,TTO,Americas,2022,DTP3 Asi Orani,93.0
Poland,POL,Europe,2021,DTP3 Asi Orani,94.0
Rwanda,RWA,Africa,2019,DTP3 Asi Orani,98.0
Romania,ROU,Europe,2023,DTP3 Asi Orani,79.0
Grenada,GRD,Americas,2023,DTP3 Asi Orani,86.0
Egypt,EGY,Eastern Mediterranean,2023,DTP3 Asi Orani,96.0
Cambodia,KHM,Western Pacific,2019,DTP3 Asi Orani,88.0
Armenia,ARM,Europe,2021,DTP3 Asi Orani,93.0
Democratic Republic of the Congo,COD,Africa,2020,DTP3 Asi Orani,70.0
Italy,ITA,Europe,2021,DTP3 Asi Orani,94.0
Benin,BEN,Africa,2023,DTP3 Asi Orani,69.0
Bulgaria,BGR,Europe,2021,DTP3 Asi Orani,89.0
Malta,MLT,Europe,2019,DTP3 Asi Orani,98.0
United Kingdom of Great Britain and Northern Ireland,GBR,Europe,2021,DTP3 Asi Orani,93.0
Türkiye,TUR,Europe,2020,DTP3 Asi Orani,98.0
Ireland,IRL,Europe,2022,DTP3 Asi Orani,93.0
Mozambique,MOZ,Africa,2021,DTP3 Asi Orani,56.0
Latvia,LVA,Europe,2023,DTP3 Asi Orani,98.0
Bulgaria,BGR,Europe,2019,DTP3 Asi Orani,93.0
Sweden,SWE,Europe,2021,DTP3 Asi Orani,98.0
Guinea-Bissau,GNB,Africa,2023,DTP3 Asi Orani,74.0
Mauritania,MRT,Africa,2020,DTP3 Asi Orani,81.0
Venezuela (Bolivarian Republic of),VEN,Americas,2023,DTP3 Asi Orani,54.0
Lebanon,LBN,Eastern Mediterranean,2023,DTP3 Asi Orani,53.0
Algeria,DZA,Africa,2022,DTP3 Asi Orani,77.0
India,IND,South-East Asia,2023,DTP3 Asi Orani,91.0
Gambia,GMB,Africa,2020,DTP3 Asi Orani,85.0
Jamaica,JAM,Americas,2019,DTP3 Asi Orani,96.0
Comoros,COM,Africa,2020,DTP3 Asi Orani,74.0
Morocco,MAR,Eastern Mediterranean,2019,DTP3 Asi Orani,99.0
Japan,JPN,Western Pacific,2020,DTP3 Asi Orani,96.0
Cyprus,CYP,Europe,2020,DTP3 Asi Orani,96.0
Kenya,KEN,Africa,2022,DTP3 Asi Orani,94.0
United States of America,USA,Americas,2021,DTP3 Asi Orani,94.0
Yemen,YEM,Eastern Mediterranean,2019,DTP3 Asi Orani,60.0
Eritrea,ERI,Africa,2021,DTP3 Asi Orani,95.0
Kyrgyzstan,KGZ,Europe,2023,DTP3 Asi Orani,86.0
Romania,ROU,Europe,2020,DTP3 Asi Orani,87.0
Lebanon,LBN,Eastern Mediterranean,2020,DTP3 Asi Orani,71.0
Guinea-Bissau,GNB,Africa,2021,DTP3 Asi Orani,67.0
Senegal,SEN,Africa,2020,DTP3 Asi Orani,83.0
Democratic Republic of the Congo,COD,Africa,2023,DTP3 Asi Orani,60.0
Democratic People's Republic of Korea,PRK,South-East Asia,2023,DTP3 Asi Orani,99.0
Niger,NER,Africa,2022,DTP3 Asi Orani,84.0
Belarus,BLR,Europe,2023,DTP3 Asi Orani,98.0
Philippines,PHL,Western Pacific,2023,DTP3 Asi Orani,89.0
Democratic Republic of the Congo,COD,Africa,2022,DTP3 Asi Orani,65.0
Albania,ALB,Europe,2022,DTP3 Asi Orani,97.0
Honduras,HND,Americas,2020,DTP3 Asi Orani,80.0
Burundi,BDI,Africa,2019,DTP3 Asi Orani,93.0
Denmark,DNK,Europe,2019,DTP3 Asi Orani,97.0
Ukraine,UKR,Europe,2020,DTP3 Asi Orani,81.0
Portugal,PRT,Europe,2022,DTP3 Asi Orani,99.0
Singapore,SGP,Western Pacific,2022,DTP3 Asi Orani,97.0
Slovenia,SVN,Europe,2019,DTP3 Asi Orani,95.0
Mexico,MEX,Americas,2023,DTP3 Asi Orani,85.0
Guyana,GUY,Americas,2022,DTP3 Asi Orani,98.0
Costa Rica,CRI,Americas,2019,DTP3 Asi Orani,95.0
Oman,OMN,Eastern Mediterranean,2019,DTP3 Asi Orani,99.0
Bangladesh,BGD,South-East Asia,2019,DTP3 Asi Orani,98.0
Palau,PLW,Western Pacific,2019,DTP3 Asi Orani,97.0
Tunisia,TUN,Eastern Mediterranean,2021,DTP3 Asi Orani,97.0
Barbados,BRB,Americas,2019,DTP3 Asi Orani,90.0
Azerbaijan,AZE,Europe,2023,DTP3 Asi Orani,51.0
Maldives,MDV,South-East Asia,2020,DTP3 Asi Orani,98.0
Brazil,BRA,Americas,2019,DTP3 Asi Orani,70.0
Mauritius,MUS,Africa,2019,DTP3 Asi Orani,96.0
Liberia,LBR,Africa,2019,DTP3 Asi Orani,71.0
Lao People's Democratic Republic,LAO,Western Pacific,2022,DTP3 Asi Orani,70.0
Honduras,HND,Americas,2019,DTP3 Asi Orani,88.0
Bolivia (Plurinational State of),BOL,Americas,2022,DTP3 Asi Orani,69.0
Angola,AGO,Africa,2022,DTP3 Asi Orani,54.0
Palau,PLW,Western Pacific,2022,DTP3 Asi Orani,94.0
Fiji,FJI,Western Pacific,2023,DTP3 Asi Orani,97.0
Iran (Islamic Republic of),IRN,Eastern Mediterranean,2021,DTP3 Asi Orani,98.0
Timor-Leste,TLS,South-East Asia,2020,DTP3 Asi Orani,83.0
Eswatini,SWZ,Africa,2022,DTP3 Asi Orani,97.0
Azerbaijan,AZE,Europe,2020,DTP3 Asi Orani,56.0
Sri Lanka,LKA,South-East Asia,2021,DTP3 Asi Orani,96.0
South Africa,ZAF,Africa,2023,DTP3 Asi Orani,79.0
Bangladesh,BGD,South-East Asia,2021,DTP3 Asi Orani,97.0
Suriname,SUR,Americas,2020,DTP3 Asi Orani,51.0
Montenegro,MNE,Europe,2023,DTP3 Asi Orani,81.0
Kiribati,KIR,Western Pacific,2020,DTP3 Asi Orani,92.0
Bolivia (Plurinational State of),BOL,Americas,2019,DTP3 Asi Orani,75.0
Armenia,ARM,Europe,2019,DTP3 Asi Orani,92.0
Burundi,BDI,Africa,2021,DTP3 Asi Orani,94.0
South Sudan,SSD,Africa,2019,DTP3 Asi Orani,61.0
Liberia,LBR,Africa,2023,DTP3 Asi Orani,83.0
Syrian Arab Republic,SYR,Eastern Mediterranean,2023,DTP3 Asi Orani,66.0
France,FRA,Europe,2023,DTP3 Asi Orani,96.0
Guinea-Bissau,GNB,Africa,2019,DTP3 Asi Orani,78.0
Lesotho,LSO,Africa,2020,DTP3 Asi Orani,93.0
Japan,JPN,Western Pacific,2021,DTP3 Asi Orani,99.0
Marshall Islands,MHL,Western Pacific,2019,DTP3 Asi Orani,79.0
Russian Federation,RUS,Europe,2021,DTP3 Asi Orani,97.0
Malaysia,MYS,Western Pacific,2022,DTP3 Asi Orani,97.0
Djibouti,DJI,Eastern Mediterranean,2019,DTP3 Asi Orani,85.0
Cuba,CUB,Americas,2021,DTP3 Asi Orani,99.0
Samoa,WSM,Western Pacific,2022,DTP3 Asi Orani,76.0
Chile,CHL,Americas,2022,DTP3 Asi Orani,96.0
Azerbaijan,AZE,Europe,2021,DTP3 Asi Orani,49.0
Palau,PLW,Western Pacific,2021,DTP3 Asi Orani,95.0
India,IND,South-East Asia,2019,DTP3 Asi Orani,91.0
Haiti,HTI,Americas,2023,DTP3 Asi Orani,54.0
Ukraine,UKR,Europe,2021,DTP3 Asi Orani,78.0
Austria,AUT,Europe,2023,DTP3 Asi Orani,87.0
Cook Islands,COK,Western Pacific,2022,DTP3 Asi Orani,72.0
Belarus,BLR,Europe,2022,DTP3 Asi Orani,98.0
Botswana,BWA,Africa,2021,DTP3 Asi Orani,95.0
Belize,BLZ,Americas,2020,DTP3 Asi Orani,79.0
South Africa,ZAF,Africa,2019,DTP3 Asi Orani,85.0
Vanuatu,VUT,Western Pacific,2020,DTP3 Asi Orani,78.0
Samoa,WSM,Western Pacific,2023,DTP3 Asi Orani,83.0
Zambia,ZMB,Africa,2022,DTP3 Asi Orani,92.0
Albania,ALB,Europe,2023,DTP3 Asi Orani,97.0
Tonga,TON,Western Pacific,2019,DTP3 Asi Orani,99.0
Brunei Darussalam,BRN,Western Pacific,2019,DTP3 Asi Orani,99.0
North Macedonia,MKD,Europe,2021,DTP3 Asi Orani,81.0
Andorra,AND,Europe,2020,DTP3 Asi Orani,99.0
Bahamas,BHS,Americas,2019,DTP3 Asi Orani,89.0
Tajikistan,TJK,Europe,2022,DTP3 Asi Orani,97.0
Latvia,LVA,Europe,2020,DTP3 Asi Orani,99.0
Burkina Faso,BFA,Africa,2023,DTP3 Asi Orani,91.0
Croatia,HRV,Europe,2023,DTP3 Asi Orani,93.0
Marshall Islands,MHL,Western Pacific,2023,DTP3 Asi Orani,85.0
Spain,ESP,Europe,2022,DTP3 Asi Orani,95.0
Italy,ITA,Europe,2020,DTP3 Asi Orani,94.0
Tuvalu,TUV,Western Pacific,2023,DTP3 Asi Orani,94.0
Portugal,PRT,Europe,2019,DTP3 Asi Orani,99.0
Finland,FIN,Europe,2021,DTP3 Asi Orani,89.0
Turkmenistan,TKM,Europe,2021,DTP3 Asi Orani,97.0
Iran (Islamic Republic of),IRN,Eastern Mediterranean,2020,DTP3 Asi Orani,99.0
Algeria,DZA,Africa,2023,DTP3 Asi Orani,92.0
India,IND,South-East Asia,2020,DTP3 Asi Orani,85.0
Republic of Moldova,MDA,Europe,2019,DTP3 Asi Orani,91.0
Senegal,SEN,Africa,2021,DTP3 Asi Orani,85.0
Dominica,DMA,Americas,2020,DTP3 Asi Orani,96.0
Türkiye,TUR,Europe,2021,DTP3 Asi Orani,95.0
Germany,DEU,Europe,2020,DTP3 Asi Orani,91.0
Nauru,NRU,Western Pacific,2022,DTP3 Asi Orani,99.0
Bhutan,BTN,South-East Asia,2020,DTP3 Asi Orani,95.0
Turkmenistan,TKM,Europe,2022,DTP3 Asi Orani,98.0
Uzbekistan,UZB,Europe,2020,DTP3 Asi Orani,95.0
Estonia,EST,Europe,2019,DTP3 Asi Orani,91.0
Republic of Moldova,MDA,Europe,2020,DTP3 Asi Orani,86.0
Israel,ISR,Europe,2019,DTP3 Asi Orani,98.0
Saint Kitts and Nevis,KNA,Americas,2022,DTP3 Asi Orani,96.0
Rwanda,RWA,Africa,2022,DTP3 Asi Orani,98.0
Malawi,MWI,Africa,2023,DTP3 Asi Orani,91.0
Germany,DEU,Europe,2021,DTP3 Asi Orani,92.0
Malta,MLT,Europe,2023,DTP3 Asi Orani,98.0
Egypt,EGY,Eastern Mediterranean,2019,DTP3 Asi Orani,95.0
Marshall Islands,MHL,Western Pacific,2021,DTP3 Asi Orani,86.0
Peru,PER,Americas,2023,DTP3 Asi Orani,84.0
Micronesia (Federated States of),FSM,Western Pacific,2019,DTP3 Asi Orani,78.0
Togo,TGO,Africa,2023,DTP3 Asi Orani,90.0
Mauritania,MRT,Africa,2023,DTP3 Asi Orani,90.0
Maldives,MDV,South-East Asia,2021,DTP3 Asi Orani,95.0
Iran (Islamic Republic of),IRN,Eastern Mediterranean,2023,DTP3 Asi Orani,99.0
United States of America,USA,Americas,2023,DTP3 Asi Orani,94.0
Mali,MLI,Africa,2020,DTP3 Asi Orani,70.0
Morocco,MAR,Eastern Mediterranean,2023,DTP3 Asi Orani,97.0
Antigua and Barbuda,ATG,Americas,2019,DTP3 Asi Orani,99.0
Mozambique,MOZ,Africa,2020,DTP3 Asi Orani,71.0
Gabon,GAB,Africa,2021,DTP3 Asi Orani,75.0
Saint Vincent and the Grenadines,VCT,Americas,2020,DTP3 Asi Orani,97.0
Lao People's Democratic Republic,LAO,Western Pacific,2021,DTP3 Asi Orani,65.0
Chad,TCD,Africa,2019,DTP3 Asi Orani,53.0
Kazakhstan,KAZ,Europe,2019,DTP3 Asi Orani,97.0
Switzerland,CHE,Europe,2020,DTP3 Asi Orani,97.0
Slovakia,SVK,Europe,2019,DTP3 Asi Orani,97.0
Brazil,BRA,Americas,2021,DTP3 Asi Orani,68.0
Mauritius,MUS,Africa,2022,DTP3 Asi Orani,95.0
Kenya,KEN,Africa,2019,DTP3 Asi Orani,93.0
Saint Kitts and Nevis,KNA,Americas,2019,DTP3 Asi Orani,97.0
Malaysia,MYS,Western Pacific,2023,DTP3 Asi Orani,95.0
Zimbabwe,ZWE,Africa,2020,DTP3 Asi Orani,86.0
Vanuatu,VUT,Western Pacific,2022,DTP3 Asi Orani,68.0
Cook Islands,COK,Western Pacific,2023,DTP3 Asi Orani,86.0
Zimbabwe,ZWE,Africa,2019,DTP3 Asi Orani,90.0
Malta,MLT,Europe,2022,DTP3 Asi Orani,98.0
Yemen,YEM,Eastern Mediterranean,2020,DTP3 Asi Orani,57.0
Bolivia (Plurinational State of),BOL,Americas,2023,DTP3 Asi Orani,67.0
Haiti,HTI,Americas,2022,DTP3 Asi Orani,48.0
Zimbabwe,ZWE,Africa,2021,DTP3 Asi Orani,88.0
Singapore,SGP,Western Pacific,2023,DTP3 Asi Orani,98.0
Suriname,SUR,Americas,2021,DTP3 Asi Orani,72.0
Romania,ROU,Europe,2021,DTP3 Asi Orani,86.0
India,IND,South-East Asia,2022,DTP3 Asi Orani,93.0
Viet Nam,VNM,Western Pacific,2022,DTP3 Asi Orani,91.0
Syrian Arab Republic,SYR,Eastern Mediterranean,2021,DTP3 Asi Orani,61.0
Bosnia and Herzegovina,BIH,Europe,2020,DTP3 Asi Orani,78.0
United Republic of Tanzania,TZA,Africa,2022,DTP3 Asi Orani,87.0
Belize,BLZ,Americas,2019,DTP3 Asi Orani,98.0
Eritrea,ERI,Africa,2020,DTP3 Asi Orani,95.0
Botswana,BWA,Africa,2022,DTP3 Asi Orani,86.0
Cyprus,CYP,Europe,2019,DTP3 Asi Orani,96.0
Barbados,BRB,Americas,2022,DTP3 Asi Orani,86.0
Poland,POL,Europe,2019,DTP3 Asi Orani,95.0
Iraq,IRQ,Eastern Mediterranean,2021,DTP3 Asi Orani,78.0
Monaco,MCO,Europe,2020,DTP3 Asi Orani,99.0
Jordan,JOR,Eastern Mediterranean,2020,DTP3 Asi Orani,77.0
Nigeria,NGA,Africa,2019,DTP3 Asi Orani,66.0
Mali,MLI,Africa,2021,DTP3 Asi Orani,77.0
Lithuania,LTU,Europe,2020,DTP3 Asi Orani,91.0
Finland,FIN,Europe,2022,DTP3 Asi Orani,91.0
Paraguay,PRY,Americas,2019,DTP3 Asi Orani,86.0
Chile,CHL,Americas,2020,DTP3 Asi Orani,93.0
Uruguay,URY,Americas,2021,DTP3 Asi Orani,91.0
Saint Kitts and Nevis,KNA,Americas,2021,DTP3 Asi Orani,96.0
Bahrain,BHR,Eastern Mediterranean,2020,DTP3 Asi Orani,98.0
Panama,PAN,Americas,2022,DTP3 Asi Orani,82.0
Pakistan,PAK,Eastern Mediterranean,2021,DTP3 Asi Orani,83.0
Sri Lanka,LKA,South-East Asia,2022,DTP3 Asi Orani,98.0
Cote d'Ivoire,CIV,Africa,2021,DTP3 Asi Orani,73.0
Cameroon,CMR,Africa,2019,DTP3 Asi Orani,67.0
Georgia,GEO,Europe,2021,DTP3 Asi Orani,85.0
Sierra Leone,SLE,Africa,2021,DTP3 Asi Orani,92.0
Philippines,PHL,Western Pacific,2019,DTP3 Asi Orani,84.0
Qatar,QAT,Eastern Mediterranean,2022,DTP3 Asi Orani,98.0
Monaco,MCO,Europe,2019,DTP3 Asi Orani,99.0
Cambodia,KHM,Western Pacific,2020,DTP3 Asi Orani,86.0
Russian Federation,RUS,Europe,2022,DTP3 Asi Orani,97.0
Equatorial Guinea,GNQ,Africa,2020,DTP3 Asi Orani,64.0
United Republic of Tanzania,TZA,Africa,2021,DTP3 Asi Orani,86.0
Russian Federation,RUS,Europe,2023,DTP3 Asi Orani,97.0
Chad,TCD,Africa,2021,DTP3 Asi Orani,62.0
Marshall Islands,MHL,Western Pacific,2022,DTP3 Asi Orani,86.0
Paraguay,PRY,Americas,2020,DTP3 Asi Orani,79.0
Estonia,EST,Europe,2020,DTP3 Asi Orani,91.0
Uganda,UGA,Africa,2023,DTP3 Asi Orani,91.0
Singapore,SGP,Western Pacific,2021,DTP3 Asi Orani,98.0
Papua New Guinea,PNG,Western Pacific,2019,DTP3 Asi Orani,35.0
Senegal,SEN,Africa,2023,DTP3 Asi Orani,92.0
Togo,TGO,Africa,2021,DTP3 Asi Orani,87.0
Angola,AGO,Africa,2019,DTP3 Asi Orani,64.0
Vanuatu,VUT,Western Pacific,2019,DTP3 Asi Orani,90.0
Equatorial Guinea,GNQ,Africa,2023,DTP3 Asi Orani,74.0
New Zealand,NZL,Western Pacific,2023,DTP3 Asi Orani,88.0
Tunisia,TUN,Eastern Mediterranean,2019,DTP3 Asi Orani,98.0
Belarus,BLR,Europe,2019,DTP3 Asi Orani,98.0
Saint Lucia,LCA,Americas,2020,DTP3 Asi Orani,86.0
Monaco,MCO,Europe,2022,DTP3 Asi Orani,99.0
Brazil,BRA,Americas,2022,DTP3 Asi Orani,77.0
Lesotho,LSO,Africa,2021,DTP3 Asi Orani,95.0
Saudi Arabia,SAU,Eastern Mediterranean,2019,DTP3 Asi Orani,96.0
Burundi,BDI,Africa,2023,DTP3 Asi Orani,89.0
Indonesia,IDN,Western Pacific,2021,DTP3 Asi Orani,67.0
Solomon Islands,SLB,Western Pacific,2023,DTP3 Asi Orani,84.0
Poland,POL,Europe,2022,DTP3 Asi Orani,94.0
Mauritius,MUS,Africa,2023,DTP3 Asi Orani,96.0
Japan,JPN,Western Pacific,2019,DTP3 Asi Orani,98.0
Viet Nam,VNM,Western Pacific,2020,DTP3 Asi Orani,94.0
Lebanon,LBN,Eastern Mediterranean,2019,DTP3 Asi Orani,83.0
Ireland,IRL,Europe,2019,DTP3 Asi Orani,94.0
Iran (Islamic Republic of),IRN,Eastern Mediterranean,2022,DTP3 Asi Orani,99.0
Georgia,GEO,Europe,2020,DTP3 Asi Orani,88.0
Palau,PLW,Western Pacific,2023,DTP3 Asi Orani,97.0
Venezuela (Bolivarian Republic of),VEN,Americas,2020,DTP3 Asi Orani,54.0
Tajikistan,TJK,Europe,2019,DTP3 Asi Orani,97.0
Congo,COG,Africa,2021,DTP3 Asi Orani,77.0
Saint Vincent and the Grenadines,VCT,Americas,2023,DTP3 Asi Orani,94.0
Timor-Leste,TLS,South-East Asia,2022,DTP3 Asi Orani,83.0
Republic of Moldova,MDA,Europe,2021,DTP3 Asi Orani,87.0
United Kingdom of Great Britain and Northern Ireland,GBR,Europe,2020,DTP3 Asi Orani,93.0
Micronesia (Federated States of),FSM,Western Pacific,2021,DTP3 Asi Orani,72.0
Bosnia and Herzegovina,BIH,Europe,2021,DTP3 Asi Orani,76.0
Maldives,MDV,South-East Asia,2022,DTP3 Asi Orani,98.0
Micronesia (Federated States of),FSM,Western Pacific,2023,DTP3 Asi Orani,79.0
Trinidad and Tobago,TTO,Americas,2023,DTP3 Asi Orani,96.0
Indonesia,IDN,Western Pacific,2020,DTP3 Asi Orani,77.0
Australia,AUS,Western Pacific,2021,DTP3 Asi Orani,95.0
Nigeria,NGA,Africa,2021,DTP3 Asi Orani,61.0
Nigeria,NGA,Africa,2023,DTP3 Asi Orani,67.0
China,CHN,Western Pacific,2019,DTP3 Asi Orani,99.0
Nepal,NPL,South-East Asia,2023,DTP3 Asi Orani,94.0
Myanmar,MMR,South-East Asia,2019,DTP3 Asi Orani,90.0
Angola,AGO,Africa,2023,DTP3 Asi Orani,66.0
Suriname,SUR,Americas,2023,DTP3 Asi Orani,72.0
Democratic Republic of the Congo,COD,Africa,2021,DTP3 Asi Orani,65.0
Denmark,DNK,Europe,2022,DTP3 Asi Orani,97.0
Colombia,COL,Americas,2021,DTP3 Asi Orani,87.0
Kenya,KEN,Africa,2023,DTP3 Asi Orani,93.0
United States of America,USA,Americas,2022,DTP3 Asi Orani,94.0
Sierra Leone,SLE,Africa,2019,DTP3 Asi Orani,95.0
Sudan,SDN,Eastern Mediterranean,2020,DTP3 Asi Orani,90.0
South Sudan,SSD,Africa,2022,DTP3 Asi Orani,73.0
Cameroon,CMR,Africa,2020,DTP3 Asi Orani,68.0
Paraguay,PRY,Americas,2023,DTP3 Asi Orani,71.0
Samoa,WSM,Western Pacific,2019,DTP3 Asi Orani,68.0
Tunisia,TUN,Eastern Mediterranean,2022,DTP3 Asi Orani,97.0
Nauru,NRU,Western Pacific,2023,DTP3 Asi Orani,99.0
Cyprus,CYP,Europe,2021,DTP3 Asi Orani,96.0
Eritrea,ERI,Africa,2023,DTP3 Asi Orani,95.0
Iceland,ISL,Europe,2021,DTP3 Asi Orani,92.0
Austria,AUT,Europe,2019,DTP3 Asi Orani,88.0
Niue,NIU,Western Pacific,2021,DTP3 Asi Orani,99.0
France,FRA,Europe,2021,DTP3 Asi Orani,96.0
Madagascar,MDG,Africa,2020,DTP3 Asi Orani,67.0
Somalia,SOM,Eastern Mediterranean,2022,DTP3 Asi Orani,71.0
Monaco,MCO,Europe,2023,DTP3 Asi Orani,99.0
Guatemala,GTM,Americas,2022,DTP3 Asi Orani,81.0
Sri Lanka,LKA,South-East Asia,2023,DTP3 Asi Orani,99.0
Venezuela (Bolivarian Republic of),VEN,Americas,2022,DTP3 Asi Orani,43.0
Australia,AUS,Western Pacific,2020,DTP3 Asi Orani,95.0
Spain,ESP,Europe,2023,DTP3 Asi Orani,93.0
Senegal,SEN,Africa,2019,DTP3 Asi Orani,91.0
Mexico,MEX,Americas,2021,DTP3 Asi Orani,78.0
Malawi,MWI,Africa,2020,DTP3 Asi Orani,94.0
Sao Tome and Principe,STP,Africa,2021,DTP3 Asi Orani,97.0
Iraq,IRQ,Eastern Mediterranean,2023,DTP3 Asi Orani,91.0
Cyprus,CYP,Europe,2022,DTP3 Asi Orani,96.0
Luxembourg,LUX,Europe,2019,DTP3 Asi Orani,99.0
Belize,BLZ,Americas,2021,DTP3 Asi Orani,83.0
Oman,OMN,Eastern Mediterranean,2022,DTP3 Asi Orani,99.0
Malaysia,MYS,Western Pacific,2020,DTP3 Asi Orani,98.0
Czechia,CZE,Europe,2019,DTP3 Asi Orani,97.0
Timor-Leste,TLS,South-East Asia,2023,DTP3 Asi Orani,83.0
Togo,TGO,Africa,2020,DTP3 Asi Orani,85.0
Hungary,HUN,Europe,2020,DTP3 Asi Orani,99.0
Jordan,JOR,Eastern Mediterranean,2022,DTP3 Asi Orani,92.0
Central African Republic,CAF,Africa,2020,DTP3 Asi Orani,37.0
Switzerland,CHE,Europe,2019,DTP3 Asi Orani,96.0
San Marino,SMR,Europe,2020,DTP3 Asi Orani,89.0
Niue,NIU,Western Pacific,2019,DTP3 Asi Orani,99.0
Thailand,THA,South-East Asia,2020,DTP3 Asi Orani,97.0
Namibia,NAM,Africa,2020,DTP3 Asi Orani,93.0
Morocco,MAR,Eastern Mediterranean,2021,DTP3 Asi Orani,98.0
Kazakhstan,KAZ,Europe,2020,DTP3 Asi Orani,88.0
Costa Rica,CRI,Americas,2022,DTP3 Asi Orani,95.0
Dominica,DMA,Americas,2022,DTP3 Asi Orani,82.0
Samoa,WSM,Western Pacific,2021,DTP3 Asi Orani,85.0
Guyana,GUY,Americas,2023,DTP3 Asi Orani,98.0
Tunisia,TUN,Eastern Mediterranean,2023,DTP3 Asi Orani,97.0
South Africa,ZAF,Africa,2022,DTP3 Asi Orani,85.0
Mozambique,MOZ,Africa,2022,DTP3 Asi Orani,55.0
New Zealand,NZL,Western Pacific,2021,DTP3 Asi Orani,90.0
Zimbabwe,ZWE,Africa,2023,DTP3 Asi Orani,90.0
Poland,POL,Europe,2023,DTP3 Asi Orani,95.0
Mauritius,MUS,Africa,2021,DTP3 Asi Orani,95.0
Austria,AUT,Europe,2022,DTP3 Asi Orani,84.0
Sweden,SWE,Europe,2022,DTP3 Asi Orani,94.0
Ethiopia,ETH,Africa,2023,DTP3 Asi Orani,70.0
Colombia,COL,Americas,2022,DTP3 Asi Orani,87.0
Belgium,BEL,Europe,2020,DTP3 Asi Orani,98.0
Tajikistan,TJK,Europe,2023,DTP3 Asi Orani,96.0
Iraq,IRQ,Eastern Mediterranean,2019,DTP3 Asi Orani,84.0
Cyprus,CYP,Europe,2023,DTP3 Asi Orani,95.0
Mexico,MEX,Americas,2019,DTP3 Asi Orani,82.0
"occupied Palestinian territory, including east Jerusalem",PSE,Eastern Mediterranean,2019,DTP3 Asi Orani,99.0
Benin,BEN,Africa,2021,DTP3 Asi Orani,70.0
Germany,DEU,Europe,2022,DTP3 Asi Orani,89.0
Suriname,SUR,Americas,2019,DTP3 Asi Orani,77.0
Andorra,AND,Europe,2021,DTP3 Asi Orani,99.0
Saint Vincent and the Grenadines,VCT,Americas,2019,DTP3 Asi Orani,97.0
Trinidad and Tobago,TTO,Americas,2020,DTP3 Asi Orani,96.0
Malta,MLT,Europe,2020,DTP3 Asi Orani,98.0
Portugal,PRT,Europe,2020,DTP3 Asi Orani,99.0
Nepal,NPL,South-East Asia,2021,DTP3 Asi Orani,91.0
Libya,LBY,Eastern Mediterranean,2020,DTP3 Asi Orani,73.0
Mongolia,MNG,Western Pacific,2022,DTP3 Asi Orani,95.0
Solomon Islands,SLB,Western Pacific,2020,DTP3 Asi Orani,94.0
El Salvador,SLV,Americas,2022,DTP3 Asi Orani,95.0
Japan,JPN,Western Pacific,2023,DTP3 Asi Orani,98.0
Zimbabwe,ZWE,Africa,2022,DTP3 Asi Orani,90.0
Congo,COG,Africa,2023,DTP3 Asi Orani,78.0
Kenya,KEN,Africa,2020,DTP3 Asi Orani,93.0
Saint Vincent and the Grenadines,VCT,Americas,2022,DTP3 Asi Orani,99.0
Niger,NER,Africa,2021,DTP3 Asi Orani,82.0
Germany,DEU,Europe,2019,DTP3 Asi Orani,91.0
Egypt,EGY,Eastern Mediterranean,2021,DTP3 Asi Orani,96.0
Egypt,EGY,Eastern Mediterranean,2020,DTP3 Asi Orani,94.0
United Arab Emirates,ARE,Eastern Mediterranean,2021,DTP3 Asi Orani,96.0
Czechia,CZE,Europe,2021,DTP3 Asi Orani,94.0
China,CHN,Western Pacific,2022,DTP3 Asi Orani,99.0
Bhutan,BTN,South-East Asia,2022,DTP3 Asi Orani,98.0
Eswatini,SWZ,Africa,2023,DTP3 Asi Orani,85.0
Kiribati,KIR,Western Pacific,2022,DTP3 Asi Orani,91.0
Eswatini,SWZ,Africa,2020,DTP3 Asi Orani,83.0
Lesotho,LSO,Africa,2019,DTP3 Asi Orani,92.0
Argentina,ARG,Americas,2019,DTP3 Asi Orani,83.0
Paraguay,PRY,Americas,2021,DTP3 Asi Orani,70.0
Kazakhstan,KAZ,Europe,2023,DTP3 Asi Orani,99.0
Kyrgyzstan,KGZ,Europe,2020,DTP3 Asi Orani,87.0
Canada,CAN,Americas,2021,DTP3 Asi Orani,92.0
Iceland,ISL,Europe,2020,DTP3 Asi Orani,93.0
Türkiye,TUR,Europe,2022,DTP3 Asi Orani,99.0
Argentina,ARG,Americas,2022,DTP3 Asi Orani,84.0
Burundi,BDI,Africa,2022,DTP3 Asi Orani,91.0
Slovakia,SVK,Europe,2023,DTP3 Asi Orani,96.0
United States of America,USA,Americas,2020,DTP3 Asi Orani,93.0
Sri Lanka,LKA,South-East Asia,2020,DTP3 Asi Orani,96.0
Dominica,DMA,Americas,2019,DTP3 Asi Orani,99.0
Dominican Republic,DOM,Americas,2022,DTP3 Asi Orani,88.0
United Arab Emirates,ARE,Eastern Mediterranean,2020,DTP3 Asi Orani,90.0
Burkina Faso,BFA,Africa,2022,DTP3 Asi Orani,91.0
Angola,AGO,Africa,2021,DTP3 Asi Orani,55.0
Colombia,COL,Americas,2023,DTP3 Asi Orani,90.0
Somalia,SOM,Eastern Mediterranean,2023,DTP3 Asi Orani,69.0
Egypt,EGY,Eastern Mediterranean,2022,DTP3 Asi Orani,97.0
Estonia,EST,Europe,2021,DTP3 Asi Orani,90.0
Brunei Darussalam,BRN,Western Pacific,2023,DTP3 Asi Orani,99.0
Thailand,THA,South-East Asia,2023,DTP3 Asi Orani,92.0
Timor-Leste,TLS,South-East Asia,2019,DTP3 Asi Orani,83.0
Central African Republic,CAF,Africa,2022,DTP3 Asi Orani,33.0
Nigeria,NGA,Africa,2020,DTP3 Asi Orani,62.0
Iceland,ISL,Europe,2022,DTP3 Asi Orani,92.0
United Arab Emirates,ARE,Eastern Mediterranean,2023,DTP3 Asi Orani,96.0
Dominican Republic,DOM,Americas,2023,DTP3 Asi Orani,90.0
Russian Federation,RUS,Europe,2019,DTP3 Asi Orani,97.0
Venezuela (Bolivarian Republic of),VEN,Americas,2019,DTP3 Asi Orani,64.0
Cuba,CUB,Americas,2022,DTP3 Asi Orani,99.0
Tunisia,TUN,Eastern Mediterranean,2020,DTP3 Asi Orani,97.0
San Marino,SMR,Europe,2021,DTP3 Asi Orani,90.0
Indonesia,IDN,Western Pacific,2023,DTP3 Asi Orani,83.0
Czechia,CZE,Europe,2023,DTP3 Asi Orani,90.0
Turkmenistan,TKM,Europe,2023,DTP3 Asi Orani,98.0
Mozambique,MOZ,Africa,2019,DTP3 Asi Orani,85.0
Fiji,FJI,Western Pacific,2022,DTP3 Asi Orani,96.0
Nauru,NRU,Western Pacific,2019,DTP3 Asi Orani,96.0
Democratic People's Republic of Korea,PRK,South-East Asia,2019,DTP3 Asi Orani,97.0
Kazakhstan,KAZ,Europe,2021,DTP3 Asi Orani,95.0
Democratic People's Republic of Korea,PRK,South-East Asia,2022,DTP3 Asi Orani,99.0
Slovenia,SVN,Europe,2022,DTP3 Asi Orani,89.0
France,FRA,Europe,2022,DTP3 Asi Orani,96.0
Qatar,QAT,Eastern Mediterranean,2020,DTP3 Asi Orani,89.0
Uganda,UGA,Africa,2021,DTP3 Asi Orani,91.0
Cabo Verde,CPV,Africa,2020,DTP3 Asi Orani,93.0
Republic of Korea,KOR,Western Pacific,2020,DTP3 Asi Orani,98.0
Algeria,DZA,Africa,2021,DTP3 Asi Orani,81.0
Sudan,SDN,Eastern Mediterranean,2022,DTP3 Asi Orani,84.0
New Zealand,NZL,Western Pacific,2019,DTP3 Asi Orani,92.0
Bulgaria,BGR,Europe,2023,DTP3 Asi Orani,92.0
Myanmar,MMR,South-East Asia,2023,DTP3 Asi Orani,71.0
Andorra,AND,Europe,2022,DTP3 Asi Orani,98.0
Hungary,HUN,Europe,2021,DTP3 Asi Orani,99.0
Cameroon,CMR,Africa,2022,DTP3 Asi Orani,71.0
Bahrain,BHR,Eastern Mediterranean,2019,DTP3 Asi Orani,99.0
Albania,ALB,Europe,2020,DTP3 Asi Orani,98.0
Cook Islands,COK,Western Pacific,2019,DTP3 Asi Orani,98.0
Sudan,SDN,Eastern Mediterranean,2023,DTP3 Asi Orani,51.0
China,CHN,Western Pacific,2023,DTP3 Asi Orani,96.0
Greece,GRC,Europe,2020,DTP3 Asi Orani,99.0
Angola,AGO,Africa,2020,DTP3 Asi Orani,59.0
Djibouti,DJI,Eastern Mediterranean,2020,DTP3 Asi Orani,70.0
Ethiopia,ETH,Africa,2020,DTP3 Asi Orani,62.0
Slovakia,SVK,Europe,2022,DTP3 Asi Orani,97.0
Afghanistan,AFG,Eastern Mediterranean,2021,DTP3 Asi Orani,55.0
Niue,NIU,Western Pacific,2023,DTP3 Asi Orani,99.0
North Macedonia,MKD,Europe,2022,DTP3 Asi Orani,84.0
Grenada,GRD,Americas,2022,DTP3 Asi Orani,77.0
Ghana,GHA,Africa,2021,DTP3 Asi Orani,98.0
Bahrain,BHR,Eastern Mediterranean,2022,DTP3 Asi Orani,97.0
United States of America,USA,Americas,2019,DTP3 Asi Orani,94.0
Canada,CAN,Americas,2020,DTP3 Asi Orani,92.0
Panama,PAN,Americas,2019,DTP3 Asi Orani,88.0
Suriname,SUR,Americas,2022,DTP3 Asi Orani,77.0
"occupied Palestinian territory, including east Jerusalem",PSE,Eastern Mediterranean,2020,DTP3 Asi Orani,98.0
Iraq,IRQ,Eastern Mediterranean,2020,DTP3 Asi Orani,74.0
South Africa,ZAF,Africa,2020,DTP3 Asi Orani,84.0
Ukraine,UKR,Europe,2023,DTP3 Asi Orani,83.0
Barbados,BRB,Americas,2023,DTP3 Asi Orani,85.0
Latvia,LVA,Europe,2021,DTP3 Asi Orani,94.0
Indonesia,IDN,Western Pacific,2019,DTP3 Asi Orani,85.0
Yemen,YEM,Eastern Mediterranean,2022,DTP3 Asi Orani,58.0
Panama,PAN,Americas,2020,DTP3 Asi Orani,74.0
Kuwait,KWT,Eastern Mediterranean,2021,DTP3 Asi Orani,94.0
Bahrain,BHR,Eastern Mediterranean,2023,DTP3 Asi Orani,99.0
Armenia,ARM,Europe,2020,DTP3 Asi Orani,91.0
Azerbaijan,AZE,Europe,2022,DTP3 Asi Orani,51.0
Cote d'Ivoire,CIV,Africa,2020,DTP3 Asi Orani,72.0
Argentina,ARG,Americas,2020,DTP3 Asi Orani,74.0
Kuwait,KWT,Eastern Mediterranean,2023,DTP3 Asi Orani,99.0
Mauritania,MRT,Africa,2021,DTP3 Asi Orani,77.0
Panama,PAN,Americas,2023,DTP3 Asi Orani,71.0
El Salvador,SLV,Americas,2019,DTP3 Asi Orani,96.0
Mongolia,MNG,Western Pacific,2019,DTP3 Asi Orani,98.0
Mexico,MEX,Americas,2022,DTP3 Asi Orani,83.0
Saudi Arabia,SAU,Eastern Mediterranean,2020,DTP3 Asi Orani,95.0
Ghana,GHA,Africa,2020,DTP3 Asi Orani,94.0
Congo,COG,Africa,2022,DTP3 Asi Orani,78.0
Qatar,QAT,Eastern Mediterranean,2021,DTP3 Asi Orani,98.0
Micronesia (Federated States of),FSM,Western Pacific,2022,DTP3 Asi Orani,69.0
Sierra Leone,SLE,Africa,2020,DTP3 Asi Orani,91.0
Uruguay,URY,Americas,2020,DTP3 Asi Orani,92.0
Costa Rica,CRI,Americas,2023,DTP3 Asi Orani,99.0
Sudan,SDN,Eastern Mediterranean,2021,DTP3 Asi Orani,84.0
Niue,NIU,Western Pacific,2020,DTP3 Asi Orani,99.0
Norway,NOR,Europe,2020,DTP3 Asi Orani,97.0
Luxembourg,LUX,Europe,2021,DTP3 Asi Orani,99.0
Hungary,HUN,Europe,2023,DTP3 Asi Orani,99.0
Mali,MLI,Africa,2022,DTP3 Asi Orani,75.0
Oman,OMN,Eastern Mediterranean,2020,DTP3 Asi Orani,99.0
Bahamas,BHS,Americas,2023,DTP3 Asi Orani,87.0
United Arab Emirates,ARE,Eastern Mediterranean,2019,DTP3 Asi Orani,99.0
Cuba,CUB,Americas,2019,DTP3 Asi Orani,99.0
Eswatini,SWZ,Africa,2021,DTP3 Asi Orani,77.0
Djibouti,DJI,Eastern Mediterranean,2023,DTP3 Asi Orani,72.0
Sao Tome and Principe,STP,Africa,2023,DTP3 Asi Orani,87.0
Pakistan,PAK,Eastern Mediterranean,2019,DTP3 Asi Orani,84.0
Saint Lucia,LCA,Americas,2023,DTP3 Asi Orani,74.0
Saint Vincent and the Grenadines,VCT,Americas,2021,DTP3 Asi Orani,92.0
Ireland,IRL,Europe,2020,DTP3 Asi Orani,94.0
El Salvador,SLV,Americas,2023,DTP3 Asi Orani,96.0
Republic of Korea,KOR,Western Pacific,2021,DTP3 Asi Orani,98.0
Lithuania,LTU,Europe,2023,DTP3 Asi Orani,90.0
Antigua and Barbuda,ATG,Americas,2021,DTP3 Asi Orani,92.0
Eritrea,ERI,Africa,2022,DTP3 Asi Orani,95.0
Cabo Verde,CPV,Africa,2023,DTP3 Asi Orani,93.0
North Macedonia,MKD,Europe,2019,DTP3 Asi Orani,92.0
Brazil,BRA,Americas,2023,DTP3 Asi Orani,90.0
Palau,PLW,Western Pacific,2020,DTP3 Asi Orani,96.0
United Republic of Tanzania,TZA,Africa,2023,DTP3 Asi Orani,83.0
Nauru,NRU,Western Pacific,2021,DTP3 Asi Orani,98.0
Comoros,COM,Africa,2019,DTP3 Asi Orani,78.0
Philippines,PHL,Western Pacific,2020,DTP3 Asi Orani,83.0
Kenya,KEN,Africa,2021,DTP3 Asi Orani,95.0
Mauritius,MUS,Africa,2020,DTP3 Asi Orani,95.0
Jordan,JOR,Eastern Mediterranean,2021,DTP3 Asi Orani,85.0
Montenegro,MNE,Europe,2019,DTP3 Asi Orani,87.0
Niger,NER,Africa,2019,DTP3 Asi Orani,81.0
Portugal,PRT,Europe,2023,DTP3 Asi Orani,99.0
Lebanon,LBN,Eastern Mediterranean,2022,DTP3 Asi Orani,67.0
Australia,AUS,Western Pacific,2022,DTP3 Asi Orani,94.0
Australia,AUS,Western Pacific,2023,DTP3 Asi Orani,94.0
Afghanistan,AFG,Eastern Mediterranean,2019,DTP3 Asi Orani,65.0
Zambia,ZMB,Africa,2020,DTP3 Asi Orani,84.0
Namibia,NAM,Africa,2023,DTP3 Asi Orani,83.0
Sweden,SWE,Europe,2023,DTP3 Asi Orani,94.0
Niger,NER,Africa,2023,DTP3 Asi Orani,85.0
Armenia,ARM,Europe,2023,DTP3 Asi Orani,94.0
Sudan,SDN,Eastern Mediterranean,2019,DTP3 Asi Orani,93.0
Sierra Leone,SLE,Africa,2023,DTP3 Asi Orani,91.0
Armenia,ARM,Europe,2022,DTP3 Asi Orani,93.0
Burkina Faso,BFA,Africa,2020,DTP3 Asi Orani,91.0
Switzerland,CHE,Europe,2021,DTP3 Asi Orani,96.0
Netherlands (Kingdom of the),NLD,Europe,2021,DTP3 Asi Orani,95.0
Madagascar,MDG,Africa,2021,DTP3 Asi Orani,55.0
Gambia,GMB,Africa,2021,DTP3 Asi Orani,82.0
Ghana,GHA,Africa,2022,DTP3 Asi Orani,99.0
Mali,MLI,Africa,2019,DTP3 Asi Orani,77.0
Republic of Moldova,MDA,Europe,2023,DTP3 Asi Orani,87.0
Seychelles,SYC,Africa,2021,DTP3 Asi Orani,94.0
United Republic of Tanzania,TZA,Africa,2019,DTP3 Asi Orani,91.0
Cambodia,KHM,Western Pacific,2022,DTP3 Asi Orani,84.0
Maldives,MDV,South-East Asia,2019,DTP3 Asi Orani,98.0
Finland,FIN,Europe,2019,DTP3 Asi Orani,91.0
Central African Republic,CAF,Africa,2021,DTP3 Asi Orani,35.0
Burundi,BDI,Africa,2020,DTP3 Asi Orani,93.0
Paraguay,PRY,Americas,2022,DTP3 Asi Orani,69.0
United Arab Emirates,ARE,Eastern Mediterranean,2022,DTP3 Asi Orani,96.0
Vanuatu,VUT,Western Pacific,2021,DTP3 Asi Orani,62.0
Democratic Republic of the Congo,COD,Africa,2019,DTP3 Asi Orani,73.0
Cuba,CUB,Americas,2020,DTP3 Asi Orani,99.0
Kyrgyzstan,KGZ,Europe,2022,DTP3 Asi Orani,90.0
New Zealand,NZL,Western Pacific,2020,DTP3 Asi Orani,92.0
Saudi Arabia,SAU,Eastern Mediterranean,2021,DTP3 Asi Orani,97.0
Brunei Darussalam,BRN,Western Pacific,2022,DTP3 Asi Orani,99.0
Romania,ROU,Europe,2022,DTP3 Asi Orani,85.0
Kazakhstan,KAZ,Europe,2022,DTP3 Asi Orani,99.0
Fiji,FJI,Western Pacific,2020,DTP3 Asi Orani,97.0
Saudi Arabia,SAU,Eastern Mediterranean,2022,DTP3 Asi Orani,98.0
Guatemala,GTM,Americas,2023,DTP3 Asi Orani,88.0
San Marino,SMR,Europe,2023,DTP3 Asi Orani,91.0
Cote d'Ivoire,CIV,Africa,2022,DTP3 Asi Orani,73.0
Lebanon,LBN,Eastern Mediterranean,2021,DTP3 Asi Orani,67.0
Gabon,GAB,Africa,2023,DTP3 Asi Orani,70.0
Tuvalu,TUV,Western Pacific,2020,DTP3 Asi Orani,95.0
Peru,PER,Americas,2021,DTP3 Asi Orani,82.0
Cambodia,KHM,Western Pacific,2021,DTP3 Asi Orani,86.0
Guinea-Bissau,GNB,Africa,2020,DTP3 Asi Orani,74.0
Colombia,COL,Americas,2019,DTP3 Asi Orani,94.0
Bhutan,BTN,South-East Asia,2023,DTP3 Asi Orani,99.0
Slovenia,SVN,Europe,2020,DTP3 Asi Orani,95.0
Republic of Korea,KOR,Western Pacific,2022,DTP3 Asi Orani,98.0
Bulgaria,BGR,Europe,2020,DTP3 Asi Orani,91.0
Namibia,NAM,Africa,2022,DTP3 Asi Orani,84.0
Thailand,THA,South-East Asia,2019,DTP3 Asi Orani,97.0
Ecuador,ECU,Americas,2021,DTP3 Asi Orani,72.0
Liberia,LBR,Africa,2022,DTP3 Asi Orani,79.0
Dominica,DMA,Americas,2023,DTP3 Asi Orani,56.0
Bosnia and Herzegovina,BIH,Europe,2023,DTP3 Asi Orani,73.0
Uzbekistan,UZB,Europe,2021,DTP3 Asi Orani,98.0
Rwanda,RWA,Africa,2023,DTP3 Asi Orani,94.0
Central African Republic,CAF,Africa,2023,DTP3 Asi Orani,40.0
Monaco,MCO,Europe,2021,DTP3 Asi Orani,99.0
Sweden,SWE,Europe,2019,DTP3 Asi Orani,98.0
"occupied Palestinian territory, including east Jerusalem",PSE,Eastern Mediterranean,2022,DTP3 Asi Orani,98.0
Bangladesh,BGD,South-East Asia,2022,DTP3 Asi Orani,97.0
Togo,TGO,Africa,2022,DTP3 Asi Orani,86.0
Panama,PAN,Americas,2021,DTP3 Asi Orani,87.0
Jordan,JOR,Eastern Mediterranean,2023,DTP3 Asi Orani,96.0
Zambia,ZMB,Africa,2019,DTP3 Asi Orani,88.0
Grenada,GRD,Americas,2021,DTP3 Asi Orani,77.0
China,CHN,Western Pacific,2021,DTP3 Asi Orani,99.0
San Marino,SMR,Europe,2019,DTP3 Asi Orani,88.0
Georgia,GEO,Europe,2022,DTP3 Asi Orani,85.0
North Macedonia,MKD,Europe,2023,DTP3 Asi Orani,86.0
Honduras,HND,Americas,2023,DTP3 Asi Orani,73.0
Czechia,CZE,Europe,2020,DTP3 Asi Orani,97.0
Senegal,SEN,Africa,2022,DTP3 Asi Orani,93.0
Myanmar,MMR,South-East Asia,2021,DTP3 Asi Orani,37.0
Ecuador,ECU,Americas,2023,DTP3 Asi Orani,70.0
Norway,NOR,Europe,2019,DTP3 Asi Orani,97.0
Costa Rica,CRI,Americas,2021,DTP3 Asi Orani,93.0
India,IND,South-East Asia,2021,DTP3 Asi Orani,85.0
Chad,TCD,Africa,2023,DTP3 Asi Orani,67.0
Bosnia and Herzegovina,BIH,Europe,2019,DTP3 Asi Orani,80.0
Kyrgyzstan,KGZ,Europe,2021,DTP3 Asi Orani,89.0
Kiribati,KIR,Western Pacific,2023,DTP3 Asi Orani,90.0
Botswana,BWA,Africa,2020,DTP3 Asi Orani,95.0
Namibia,NAM,Africa,2021,DTP3 Asi Orani,94.0
Ethiopia,ETH,Africa,2022,DTP3 Asi Orani,63.0
Peru,PER,Americas,2019,DTP3 Asi Orani,88.0
Cabo Verde,CPV,Africa,2022,DTP3 Asi Orani,93.0
Slovakia,SVK,Europe,2020,DTP3 Asi Orani,97.0
Cabo Verde,CPV,Africa,2021,DTP3 Asi Orani,93.0
Mongolia,MNG,Western Pacific,2020,DTP3 Asi Orani,96.0
Jordan,JOR,Eastern Mediterranean,2019,DTP3 Asi Orani,89.0
Uzbekistan,UZB,Europe,2023,DTP3 Asi Orani,99.0
Togo,TGO,Africa,2019,DTP3 Asi Orani,86.0
Cote d'Ivoire,CIV,Africa,2023,DTP3 Asi Orani,79.0
Comoros,COM,Africa,2022,DTP3 Asi Orani,78.0
Malaysia,MYS,Western Pacific,2021,DTP3 Asi Orani,95.0
Antigua and Barbuda,ATG,Americas,2023,DTP3 Asi Orani,97.0
Benin,BEN,Africa,2022,DTP3 Asi Orani,69.0
Bahamas,BHS,Americas,2020,DTP3 Asi Orani,83.0
Uganda,UGA,Africa,2022,DTP3 Asi Orani,89.0
Singapore,SGP,Western Pacific,2019,DTP3 Asi Orani,97.0
Netherlands (Kingdom of the),NLD,Europe,2023,DTP3 Asi Orani,92.0
South Sudan,SSD,Africa,2021,DTP3 Asi Orani,69.0
United Republic of Tanzania,TZA,Africa,2020,DTP3 Asi Orani,91.0
Peru,PER,Americas,2020,DTP3 Asi Orani,72.0
Lesotho,LSO,Africa,2022,DTP3 Asi Orani,92.0
Hungary,HUN,Europe,2022,DTP3 Asi Orani,99.0
Netherlands (Kingdom of the),NLD,Europe,2019,DTP3 Asi Orani,94.0
Colombia,COL,Americas,2020,DTP3 Asi Orani,88.0
Honduras,HND,Americas,2022,DTP3 Asi Orani,78.0
Ecuador,ECU,Americas,2019,DTP3 Asi Orani,85.0
Timor-Leste,TLS,South-East Asia,2021,DTP3 Asi Orani,83.0
Afghanistan,AFG,Eastern Mediterranean,2023,DTP3 Asi Orani,60.0
Ukraine,UKR,Europe,2019,DTP3 Asi Orani,80.0
Syrian Arab Republic,SYR,Eastern Mediterranean,2020,DTP3 Asi Orani,62.0
Kuwait,KWT,Eastern Mediterranean,2022,DTP3 Asi Orani,96.0
Brunei Darussalam,BRN,Western Pacific,2021,DTP3 Asi Orani,99.0
Nigeria,NGA,Africa,2022,DTP3 Asi Orani,59.0
Spain,ESP,Europe,2021,DTP3 Asi Orani,93.0
Guinea,GIN,Africa,2021,DTP3 Asi Orani,56.0
Andorra,AND,Europe,2023,DTP3 Asi Orani,98.0
Congo,COG,Africa,2019,DTP3 Asi Orani,79.0
Kuwait,KWT,Eastern Mediterranean,2020,DTP3 Asi Orani,93.0
Mali,MLI,Africa,2023,DTP3 Asi Orani,75.0
Iran (Islamic Republic of),IRN,Eastern Mediterranean,2019,DTP3 Asi Orani,99.0
Mozambique,MOZ,Africa,2023,DTP3 Asi Orani,70.0
Cuba,CUB,Americas,2023,DTP3 Asi Orani,99.0
Cook Islands,COK,Western Pacific,2020,DTP3 Asi Orani,89.0
Bangladesh,BGD,South-East Asia,2023,DTP3 Asi Orani,97.0
Botswana,BWA,Africa,2023,DTP3 Asi Orani,95.0
Benin,BEN,Africa,2019,DTP3 Asi Orani,72.0
United Kingdom of Great Britain and Northern Ireland,GBR,Europe,2023,DTP3 Asi Orani,92.0
Greece,GRC,Europe,2022,DTP3 Asi Orani,98.0
Haiti,HTI,Americas,2021,DTP3 Asi Orani,48.0
Ghana,GHA,Africa,2023,DTP3 Asi Orani,95.0
Myanmar,MMR,South-East Asia,2022,DTP3 Asi Orani,71.0
